Country,1990,1990_lower, 1990_upper,1991,1991_lower, 1991_upper,1992,1992_lower, 1992_upper,1993,1993_lower, 1993_upper,1994,1994_lower, 1994_upper,1995,1995_lower, 1995_upper,1996,1996_lower, 1996_upper,1997,1997_lower, 1997_upper,1998,1998_lower, 1998_upper,1999,1999_lower, 1999_upper,2000,2000_lower, 2000_upper,2001,2001_lower, 2001_upper,2002,2002_lower, 2002_upper,2003,2003_lower, 2003_upper,2004,2004_lower, 2004_upper,2005,2005_lower, 2005_upper,2006,2006_lower, 2006_upper,2007,2007_lower, 2007_upper,2008,2008_lower, 2008_upper,2009,2009_lower, 2009_upper,2010,2010_lower, 2010_upper,2011,2011_lower, 2011_upper,2012,2012_lower, 2012_upper,2013,2013_lower, 2013_upper,2014,2014_lower, 2014_upper,2015,2015_lower, 2015_upper,2016,2016_lower, 2016_upper,2017,2017_lower, 2017_upper
Afghanistan,... ,... , ...,... ,... , ...,... ,... , ...,... ,... , ...,... ,... , ...,... ,... , ...,... ,... , ...,... ,... , ...,... ,... , ...,... ,... , ...,... ,... , ...,... ,... , ...,... ,... , ...,... ,... , ...,... ,... , ...,... ,... , ...,... ,... , ...,... ,... , ...,... ,... , ...,... ,... , ...,... ,... , ...,... ,... , ...,... ,... , ...,... ,... , ...,... ,... , ...,... ,... , ...,... ,... , ...,... ,... , ...
Albania,<0.01 ,<0.01 , <0.01,<0.01 ,<0.01 , <0.01,<0.01 ,<0.01 , <0.01,<0.01 ,<0.01 , <0.01,<0.01 ,<0.01 , <0.01,<0.01 ,<0.01 , <0.01,<0.01 ,<0.01 , <0.01,<0.01 ,<0.01 ,0.01,0.01,0.01,0.01,0.02,0.01,0.02,0.02,0.02,0.02,0.02,0.02,0.03,0.03,0.03,0.03,0.04,0.03,0.04,0.04,0.04,0.05,0.05,0.05,0.06,0.06,0.05,0.07,0.06,0.06,0.07,0.07,0.06,0.08,0.07,0.06,0.09,0.07,0.07,0.09,0.08,0.07,0.09,0.07,0.06,0.09,0.07,0.06,0.08,0.07,0.06,0.08,0.06,0.05,0.07,0.06,0.05,0.07,0.06,0.05,0.08
Algeria,<0.01 ,<0.01 , <0.01,<0.01 ,<0.01 , <0.01,<0.01 ,<0.01 , <0.01,0.01,0.01,0.01,0.01,0.01,0.01,0.01,0.01,0.01,0.01,0.01,0.01,0.02,0.02,0.02,0.02,0.02,0.02,0.02,0.02,0.02,0.02,0.02,0.02,0.02,0.02,0.02,0.02,0.02,0.03,0.03,0.03,0.03,0.03,0.03,0.03,0.03,0.03,0.03,0.03,0.03,0.03,0.04,0.04,0.04,0.04,0.04,0.04,0.04,0.04,0.04,0.04,0.04,0.04,0.04,0.04,0.04,0.05,0.05,0.05,0.05,0.05,0.05,0.05,0.05,0.05,0.05,0.05,0.05,0.05,0.05,0.05,0.05,0.05,0.05
Angola,0.56,0.34,1.06,0.67,0.42,1.16,0.79,0.53,1.24,0.92,0.63,1.37,1.06,0.76,1.48,1.16,0.86,1.56,1.33,1.04,1.71,1.45,1.16,1.8,1.57,1.24,1.9,1.7,1.35,2.06,1.78,1.38,2.15,1.88,1.43,2.3,1.95,1.46,2.38,2.03,1.51,2.52,2.1,1.58,2.62,2.12,1.61,2.69,2.13,1.63,2.74,2.17,1.66,2.75,2.19,1.69,2.76,2.14,1.68,2.66,2.13,1.69,2.61,2.1,1.68,2.58,2.06,1.66,2.52,1.99,1.6,2.47,1.89,1.47,2.41,1.77,1.34,2.34,1.68,1.21,2.3,1.64,1.15,2.29
Argentina,0.41,0.37,0.43,0.52,0.49,0.55,0.66,0.61,0.7,0.8,0.74,0.86,0.15,0.13,0.97,0.17,0.16,0.18,0.19,0.18,0.21,0.21,0.2,0.23,0.23,0.21,0.24,0.24,0.22,0.26,0.25,0.24,0.27,0.26,0.24,0.28,0.27,0.25,0.29,0.27,0.25,0.29,0.28,0.26,0.3,0.28,0.26,0.3,0.28,0.26,0.3,0.28,0.26,0.3,0.28,0.26,0.3,0.28,0.26,0.3,0.28,0.26,0.3,0.28,0.26,0.3,0.28,0.26,0.3,0.28,0.26,0.3,0.28,0.26,0.3,0.28,0.27,0.3,0.28,0.26,0.3,0.28,0.26,0.31
Armenia,<0.01 ,<0.01 , <0.01,<0.01 ,<0.01 , <0.01,<0.01 ,<0.01 ,0.01,<0.01 ,<0.01 ,0.02,<0.01 ,<0.01 ,0.03,0.01,<0.01 ,0.06,0.02,<0.01 ,0.12,0.05,<0.01 ,0.17,0.12,0.02,0.28,0.21,0.05,0.43,0.32,0.1,0.77,0.36,0.15,0.68,0.36,0.18,0.58,0.33,0.17,0.53,0.29,0.16,0.49,0.24,0.16,0.4,0.21,0.15,0.32,0.19,0.14,0.28,0.17,0.14,0.24,0.15,0.12,0.19,0.13,0.11,0.17,0.13,0.1,0.16,0.12,0.1,0.16,0.12,0.09,0.15,0.11,0.09,0.14,0.11,0.08,0.14,0.11,0.08,0.14,0.1,0.07,0.14
Australia,0.1,0.09,0.11,0.09,0.08,0.1,0.09,0.08,0.09,0.08,0.08,0.09,0.08,0.07,0.09,0.08,0.07,0.09,0.08,0.07,0.09,0.08,0.07,0.08,0.08,0.07,0.08,0.08,0.07,0.08,0.08,0.07,0.08,0.08,0.07,0.08,0.08,0.07,0.08,0.08,0.07,0.08,0.08,0.07,0.08,0.08,0.07,0.08,0.08,0.07,0.08,0.08,0.07,0.08,0.08,0.07,0.08,0.08,0.07,0.08,0.08,0.07,0.08,0.08,0.07,0.08,0.08,0.07,0.08,0.08,0.07,0.08,0.08,0.07,0.08,0.08,0.07,0.08,0.08,0.07,0.08,0.08,0.07,0.08
Austria,0.05,0.05,0.06,0.06,0.05,0.06,0.06,0.06,0.06,0.06,0.06,0.06,0.06,0.06,0.06,0.06,0.06,0.06,0.06,0.06,0.06,0.06,0.06,0.06,0.06,0.06,0.07,0.07,0.06,0.07,0.07,0.07,0.07,0.07,0.07,0.07,0.07,0.07,0.07,0.07,0.07,0.07,0.07,0.07,0.08,0.07,0.07,0.08,0.07,0.07,0.08,0.07,0.07,0.08,0.07,0.07,0.08,0.07,0.07,0.07,0.07,0.07,0.07,0.07,0.07,0.07,0.07,0.06,0.07,0.06,0.06,0.06,0.06,0.06,0.06,0.06,0.05,0.06,0.05,0.05,0.05,0.05,0.05,0.05
Azerbaijan,<0.01 ,<0.01 , <0.01,<0.01 ,<0.01 ,0.01,<0.01 ,<0.01 ,0.01,<0.01 ,<0.01 ,0.02,0.01,<0.01 ,0.03,0.02,<0.01 ,0.05,0.03,<0.01 ,0.09,0.04,0.01,0.13,0.06,0.02,0.17,0.08,0.02,0.18,0.09,0.04,0.19,0.1,0.05,0.18,0.11,0.06,0.18,0.11,0.07,0.18,0.12,0.08,0.17,0.12,0.08,0.18,0.12,0.09,0.18,0.12,0.09,0.18,0.12,0.09,0.18,0.12,0.09,0.17,0.12,0.09,0.17,0.12,0.09,0.16,0.12,0.08,0.16,0.12,0.08,0.16,0.12,0.08,0.16,0.12,0.08,0.17,0.12,0.08,0.17,0.13,0.08,0.18
Bahamas,3.27,2.65,3.63,3.32,2.84,3.57,3.33,2.99,3.51,3.3,3.12,3.44,3.23,3.11,3.35,3.12,3,3.24,2.96,2.85,3.13,2.79,2.66,2.99,2.62,2.5,2.84,2.45,2.34,2.66,2.3,2.19,2.48,2.15,2.05,2.29,2,1.92,2.12,1.87,1.79,1.95,1.74,1.65,1.81,1.61,1.54,1.69,1.5,1.42,1.58,1.39,1.31,1.47,1.28,1.21,1.37,1.19,1.08,1.29,1.1,0.98,1.21,1.02,0.89,1.15,0.94,0.8,1.1,0.87,0.73,1.03,0.81,0.68,0.96,0.75,0.63,0.88,0.71,0.59,0.81,0.66,0.57,0.75
Bahrain,0.06,0.05,0.07,0.06,0.05,0.07,0.06,0.05,0.07,0.06,0.05,0.07,0.06,0.05,0.07,0.06,0.05,0.07,0.06,0.05,0.07,0.06,0.05,0.07,0.06,0.05,0.06,0.06,0.05,0.06,0.06,0.05,0.06,0.06,0.05,0.06,0.06,0.05,0.06,0.06,0.05,0.06,0.06,0.05,0.07,0.06,0.05,0.06,0.06,0.05,0.07,0.06,0.05,0.07,0.06,0.05,0.07,0.06,0.05,0.07,0.06,0.05,0.07,0.06,0.05,0.07,0.06,0.05,0.07,0.06,0.05,0.07,0.06,0.04,0.07,0.06,0.04,0.07,0.06,0.04,0.07,0.06,0.04,0.07
Bangladesh,<0.01 ,<0.01 , <0.01,<0.01 ,<0.01 , <0.01,<0.01 ,<0.01 , <0.01,<0.01 ,<0.01 , <0.01,<0.01 ,<0.01 , <0.01,<0.01 ,<0.01 , <0.01,<0.01 ,<0.01 , <0.01,<0.01 ,<0.01 , <0.01,<0.01 ,<0.01 , <0.01,<0.01 ,<0.01 , <0.01,<0.01 ,<0.01 , <0.01,<0.01 ,<0.01 ,0.01,0.01,0.01,0.02,0.02,0.01,0.02,0.02,0.02,0.02,0.02,0.02,0.02,0.02,0.02,0.02,0.02,0.02,0.02,0.02,0.02,0.02,0.02,0.02,0.02,0.02,0.01,0.02,0.02,0.01,0.02,0.02,0.01,0.02,0.02,0.01,0.02,0.02,0.01,0.02,0.02,0.01,0.02,0.02,0.01,0.02,0.02,0.01,0.02
Barbados,0.14,0.13,0.16,0.17,0.16,0.19,0.21,0.19,0.22,0.25,0.23,0.27,0.29,0.27,0.32,0.35,0.32,0.37,0.41,0.38,0.44,0.49,0.46,0.51,0.57,0.54,0.6,0.66,0.62,0.7,0.76,0.72,0.8,0.87,0.83,0.91,0.98,0.94,1.02,1.09,1.05,1.13,1.19,1.15,1.22,1.26,1.22,1.3,1.3,1.26,1.34,1.31,1.26,1.36,1.28,1.23,1.35,1.24,1.19,1.3,1.2,1.15,1.25,1.16,1.11,1.21,1.13,1.08,1.19,1.11,1.06,1.18,1.11,1.05,1.17,1.12,1.05,1.19,1.13,1.05,1.2,1.14,1.06,1.22
Belarus,<0.01 ,<0.01 , <0.01,<0.01 ,<0.01 , <0.01,<0.01 ,<0.01 , <0.01,<0.01 ,<0.01 , <0.01,<0.01 ,<0.01 , <0.01,<0.01 ,<0.01 , <0.01,<0.01 ,<0.01 ,0.01,0.02,0.01,0.02,0.02,0.02,0.03,0.04,0.03,0.04,0.05,0.04,0.06,0.06,0.05,0.07,0.08,0.07,0.1,0.11,0.08,0.14,0.13,0.1,0.19,0.16,0.12,0.23,0.19,0.14,0.26,0.21,0.15,0.28,0.25,0.18,0.33,0.28,0.21,0.39,0.33,0.25,0.44,0.38,0.29,0.51,0.44,0.34,0.62,0.47,0.29,0.69,0.51,0.31,0.76,0.52,0.33,0.81,0.52,0.33,0.81,0.48,0.3,0.77
Belgium,... ,... , ...,... ,... , ...,... ,... , ...,... ,... , ...,... ,... , ...,... ,... , ...,... ,... , ...,... ,... , ...,... ,... , ...,... ,... , ...,... ,... , ...,... ,... , ...,... ,... , ...,... ,... , ...,... ,... , ...,... ,... , ...,... ,... , ...,... ,... , ...,... ,... , ...,... ,... , ...,... ,... , ...,... ,... , ...,... ,... , ...,... ,... , ...,... ,... , ...,... ,... , ...,... ,... , ...,... ,... , ...
Belize,<0.01 ,<0.01 , <0.01,<0.01 ,<0.01 ,1.89,1.57,<0.01 ,59.87,1.57,<0.01 ,44.75,1.57,<0.01 ,43.08,1.57,1.51,42.73,1.57,1.52,42.39,1.57,1.52,42.06,1.57,1.52,41.74,1.57,1.52,41.41,1.57,1.52,41.09,1.57,1.52,40.76,1.57,1.53,40.45,1.57,1.53,40.13,1.57,1.53,39.81,1.57,1.53,39.48,1.57,1.53,39.16,1.57,1.53,38.84,1.57,1.53,38.52,1.57,1.53,38.2,1.57,1.53,37.88,1.57,1.53,37.56,1.57,1.53,37.24,1.57,1.53,36.92,1.57,1.53,36.61,1.57,1.53,36.29,1.57,1.53,35.98,1.57,1.53,35.66
Benin,0.89,0.48,1.46,1.22,0.66,2.01,1.56,0.84,2.55,1.85,0.99,3.03,2.04,1.1,3.35,2.18,1.17,3.57,2.21,1.19,3.62,2.14,1.15,3.51,1.99,1.07,3.27,1.86,1,3.04,1.65,0.89,2.71,1.5,0.81,2.45,1.33,0.72,2.19,1.17,0.63,1.92,1.04,0.56,1.71,0.95,0.51,1.56,0.87,0.47,1.42,0.82,0.44,1.34,0.78,0.42,1.28,0.73,0.39,1.19,0.69,0.37,1.12,0.68,0.36,1.11,0.67,0.36,1.1,0.67,0.36,1.11,0.69,0.37,1.13,0.66,0.36,1.09,0.63,0.34,1.03,0.6,0.33,0.99
Bhutan,... ,... , ...,... ,... , ...,... ,... , ...,... ,... , ...,... ,... , ...,... ,... , ...,... ,... , ...,... ,... , ...,... ,... , ...,... ,... , ...,... ,... , ...,... ,... , ...,... ,... , ...,... ,... , ...,... ,... , ...,... ,... , ...,... ,... , ...,... ,... , ...,... ,... , ...,... ,... , ...,... ,... , ...,... ,... , ...,... ,... , ...,... ,... , ...,... ,... , ...,... ,... , ...,... ,... , ...,... ,... , ...
Bolivia (Plurinational State of),0.02,<0.01 ,0.06,0.03,<0.01 ,0.08,0.05,0.02,0.11,0.08,0.03,0.16,0.14,0.06,0.26,0.22,0.09,0.4,0.33,0.15,0.58,0.37,0.2,0.58,0.37,0.22,0.54,0.34,0.23,0.48,0.33,0.24,0.46,0.35,0.26,0.48,0.36,0.26,0.47,0.37,0.27,0.49,0.36,0.26,0.5,0.36,0.25,0.51,0.35,0.24,0.5,0.34,0.22,0.5,0.32,0.2,0.46,0.31,0.19,0.45,0.29,0.17,0.42,0.28,0.16,0.43,0.27,0.14,0.43,0.26,0.13,0.43,0.26,0.13,0.44,0.26,0.13,0.45,0.25,0.14,0.45,0.25,0.13,0.46
Bosnia and Herzegovina,... ,... , ...,... ,... , ...,... ,... , ...,... ,... , ...,... ,... , ...,... ,... , ...,... ,... , ...,... ,... , ...,... ,... , ...,... ,... , ...,... ,... , ...,... ,... , ...,... ,... , ...,... ,... , ...,... ,... , ...,... ,... , ...,... ,... , ...,... ,... , ...,... ,... , ...,... ,... , ...,... ,... , ...,... ,... , ...,... ,... , ...,... ,... , ...,... ,... , ...,... ,... , ...,... ,... , ...,... ,... , ...
Botswana,24.42,21.84,27.12,31.37,28.45,34.15,38.42,35.37,41.53,44.4,41.27,47.72,48.37,44.74,51.83,50.07,45.93,54.52,49.54,45.05,54.57,46.76,42.05,52.09,42.2,37.47,47.36,37,32.22,41.36,31.54,26.97,35.15,26.74,22.48,29.27,23.11,19.46,25.15,20.13,17.32,21.64,18.36,16.63,19.67,16.98,15.81,18.07,15.89,14.71,16.97,15,13.41,16.12,14.52,12.38,15.7,13.76,10.5,15.08,13.79,9.97,15.74,14.01,10.09,16.08,14.29,10.24,16.45,14.13,10.09,16.41,14.18,10.15,16.58,13.96,9.99,16.4,13.41,9.53,15.85,12.83,9.07,15.28
Brazil,0.38,0.3,0.46,0.39,0.3,0.49,0.4,0.31,0.5,0.41,0.31,0.51,0.41,0.31,0.52,0.41,0.31,0.52,0.41,0.31,0.52,0.41,0.31,0.53,0.42,0.31,0.53,0.42,0.31,0.53,0.42,0.31,0.53,0.42,0.31,0.53,0.42,0.31,0.53,0.42,0.31,0.53,0.42,0.31,0.53,0.42,0.31,0.53,0.42,0.31,0.53,0.42,0.31,0.53,0.42,0.31,0.53,0.42,0.31,0.53,0.42,0.31,0.53,0.42,0.31,0.53,0.42,0.31,0.53,0.42,0.31,0.53,0.42,0.31,0.53,0.42,0.31,0.53,0.42,0.31,0.53,0.42,0.31,0.53
Brunei Darussalam,... ,... , ...,... ,... , ...,... ,... , ...,... ,... , ...,... ,... , ...,... ,... , ...,... ,... , ...,... ,... , ...,... ,... , ...,... ,... , ...,... ,... , ...,... ,... , ...,... ,... , ...,... ,... , ...,... ,... , ...,... ,... , ...,... ,... , ...,... ,... , ...,... ,... , ...,... ,... , ...,... ,... , ...,... ,... , ...,... ,... , ...,... ,... , ...,... ,... , ...,... ,... , ...,... ,... , ...,... ,... , ...
Bulgaria,<0.01 ,<0.01 , <0.01,<0.01 ,<0.01 , <0.01,<0.01 ,<0.01 , <0.01,<0.01 ,<0.01 , <0.01,<0.01 ,<0.01 ,0.01,<0.01 ,<0.01 ,0.01,<0.01 ,<0.01 ,0.01,0.01,<0.01 ,0.01,0.01,<0.01 ,0.01,0.01,<0.01 ,0.01,0.01,0.01,0.01,0.01,0.01,0.02,0.02,0.02,0.02,0.02,0.02,0.03,0.03,0.02,0.03,0.03,0.03,0.04,0.04,0.03,0.05,0.05,0.04,0.06,0.05,0.04,0.06,0.06,0.05,0.07,0.06,0.05,0.08,0.06,0.06,0.08,0.07,0.06,0.08,0.07,0.06,0.08,0.07,0.06,0.08,0.06,0.06,0.08,0.06,0.05,0.08,0.06,0.05,0.07
Burkina Faso,5.69,3.92,7.23,5.09,3.66,6.33,4.57,3.41,5.59,3.82,2.94,4.61,3.23,2.44,3.92,2.77,2.07,3.4,2.12,1.57,2.66,1.58,1.15,2.03,1.27,0.89,1.78,0.99,0.68,1.47,0.75,0.5,1.14,0.6,0.39,0.96,0.5,0.31,0.76,0.45,0.28,0.65,0.41,0.26,0.6,0.39,0.24,0.55,0.38,0.23,0.55,0.37,0.21,0.54,0.37,0.21,0.55,0.37,0.21,0.54,0.37,0.2,0.55,0.37,0.21,0.56,0.37,0.22,0.56,0.39,0.23,0.59,0.4,0.23,0.61,0.4,0.23,0.62,0.39,0.23,0.61,0.39,0.23,0.62
Burundi,5.17,3.44,7.23,5.68,4.02,7.54,6.03,4.5,7.55,6.12,4.83,7.43,6.1,5.09,7.22,5.41,4.65,6.26,5.07,4.37,5.81,4.47,3.8,5.2,3.56,2.9,4.27,2.83,2.2,3.55,2.15,1.55,2.89,1.68,1.09,2.36,1.31,0.79,1.91,0.96,0.55,1.48,0.69,0.36,1.08,0.58,0.29,0.91,0.5,0.22,0.75,0.45,0.2,0.67,0.44,0.2,0.66,0.45,0.22,0.68,0.46,0.25,0.7,0.47,0.26,0.69,0.49,0.28,0.72,0.5,0.29,0.73,0.51,0.3,0.75,0.52,0.3,0.76,0.51,0.29,0.76,0.47,0.27,0.7
Cabo Verde,0.87,0.61,1.27,0.93,0.66,1.33,1.01,0.71,1.45,1.06,0.75,1.51,1.14,0.8,1.59,1.15,0.82,1.6,1.22,0.89,1.7,1.25,0.92,1.66,1.24,0.93,1.6,1.17,0.89,1.46,1.15,0.87,1.42,1.07,0.81,1.31,0.94,0.71,1.17,0.85,0.65,1.04,0.74,0.55,0.89,0.63,0.48,0.76,0.49,0.36,0.62,0.43,0.31,0.57,0.38,0.26,0.52,0.37,0.26,0.52,0.36,0.27,0.52,0.36,0.26,0.51,0.36,0.25,0.52,0.35,0.24,0.51,0.35,0.24,0.52,0.36,0.24,0.55,0.37,0.24,0.59,0.38,0.24,0.65
Cambodia,0.2,0.19,0.25,0.6,0.54,0.71,1.7,1.44,1.89,3,2.64,3.46,4.1,3.56,4.65,4.3,3.78,4.9,3.8,3.35,4.31,3,2.64,3.37,2.1,1.9,2.39,1.7,1.51,1.89,1.3,1.17,1.45,1,0.89,1.11,0.8,0.71,0.88,0.7,0.59,0.73,0.5,0.49,0.61,0.4,0.4,0.5,0.4,0.32,0.4,0.3,0.26,0.32,0.2,0.21,0.26,0.2,0.17,0.22,0.2,0.14,0.18,0.1,0.11,0.14,0.1,0.1,0.12,0.1,0.08,0.11,0.1,0.07,0.09,0.1,0.07,0.08,0.1,0.06,0.08,0.1,0.05,0.07
Cameroon,2.92,2.45,3.41,3.64,3.13,4.15,4.42,3.86,5.03,5.16,4.58,5.86,5.84,5.22,6.58,6.43,5.73,7.15,6.81,6.08,7.55,7.11,6.38,7.84,7.24,6.53,7.98,7.11,6.39,7.77,6.92,6.19,7.48,6.59,5.91,7.12,6.21,5.61,6.73,5.73,5.17,6.24,5.24,4.71,5.74,4.75,4.3,5.18,4.22,3.8,4.61,3.86,3.45,4.26,3.52,3.08,3.89,3.26,2.79,3.67,2.98,2.49,3.42,2.78,2.23,3.26,2.62,1.98,3.1,2.48,1.89,3,2.39,1.82,2.94,2.31,1.72,2.91,2.21,1.57,2.8,2.07,1.44,2.7
Canada,... ,... , ...,... ,... , ...,... ,... , ...,... ,... , ...,... ,... , ...,... ,... , ...,... ,... , ...,... ,... , ...,... ,... , ...,... ,... , ...,... ,... , ...,... ,... , ...,... ,... , ...,... ,... , ...,... ,... , ...,... ,... , ...,... ,... , ...,... ,... , ...,... ,... , ...,... ,... , ...,... ,... , ...,... ,... , ...,... ,... , ...,... ,... , ...,... ,... , ...,... ,... , ...,... ,... , ...,... ,... , ...
Central African Republic,13.43,10.84,16.79,14.5,11.31,18.85,15.46,11.61,20.22,16.38,12.46,21.04,16.84,13.11,21.07,16.06,12.71,19.88,14.64,11.57,17.98,12.52,10.08,15.36,9.79,7.94,12.03,7.7,6.25,9.76,5.77,4.54,7.31,4.51,3.49,5.89,3.79,2.97,5.03,3.37,2.71,4.42,3.32,2.74,4.16,3.35,2.81,4.09,3.5,2.96,4.14,3.54,2.97,4.21,3.62,3.01,4.31,3.76,3.13,4.54,3.75,3.11,4.57,3.76,3.08,4.6,3.75,3.07,4.63,3.68,2.98,4.59,3.59,2.89,4.49,3.38,2.69,4.27,3.2,2.5,4.14,3.01,2.29,4.17
Chad,2.4,1.58,3.53,2.64,1.87,3.71,2.85,2.09,3.89,2.97,2.25,4,2.99,2.28,3.87,2.99,2.35,3.9,2.92,2.34,3.75,2.75,2.25,3.44,2.71,2.22,3.37,2.55,2.07,3.15,2.26,1.78,2.82,2.06,1.61,2.54,1.88,1.49,2.36,1.67,1.34,2.1,1.55,1.26,1.93,1.41,1.14,1.74,1.21,0.99,1.48,1.09,0.87,1.34,0.99,0.78,1.2,0.91,0.68,1.11,0.85,0.59,1.03,0.79,0.52,0.99,0.77,0.51,0.98,0.75,0.48,0.96,0.74,0.45,0.95,0.69,0.42,0.92,0.65,0.36,0.86,0.67,0.38,0.91
Chile,0.16,0.15,0.19,0.18,0.17,0.21,0.2,0.19,0.22,0.21,0.2,0.23,0.22,0.21,0.24,0.23,0.22,0.25,0.23,0.22,0.25,0.24,0.22,0.25,0.24,0.22,0.25,0.24,0.22,0.25,0.23,0.22,0.25,0.23,0.21,0.25,0.23,0.21,0.25,0.23,0.21,0.25,0.24,0.22,0.26,0.25,0.23,0.27,0.26,0.24,0.28,0.28,0.26,0.29,0.3,0.28,0.32,0.32,0.3,0.34,0.34,0.33,0.38,0.37,0.35,0.41,0.41,0.38,0.45,0.44,0.41,0.5,0.48,0.44,0.55,0.52,0.47,0.6,0.57,0.5,0.65,0.62,0.54,0.72
China,... ,... , ...,... ,... , ...,... ,... , ...,... ,... , ...,... ,... , ...,... ,... , ...,... ,... , ...,... ,... , ...,... ,... , ...,... ,... , ...,... ,... , ...,... ,... , ...,... ,... , ...,... ,... , ...,... ,... , ...,... ,... , ...,... ,... , ...,... ,... , ...,... ,... , ...,... ,... , ...,... ,... , ...,... ,... , ...,... ,... , ...,... ,... , ...,... ,... , ...,... ,... , ...,... ,... , ...,... ,... , ...
Colombia,... ,... , ...,... ,... , ...,... ,... , ...,... ,... , ...,... ,... , ...,... ,... , ...,... ,... , ...,... ,... , ...,... ,... , ...,... ,... , ...,... ,... , ...,... ,... , ...,... ,... , ...,... ,... , ...,... ,... , ...,... ,... , ...,... ,... , ...,... ,... , ...,... ,... , ...,... ,... , ...,... ,... , ...,... ,... , ...,... ,... , ...,... ,... , ...,... ,... , ...,... ,... , ...,... ,... , ...,... ,... , ...
Comoros,0.05,0.02,0.13,0.06,0.03,0.15,0.06,0.03,0.14,0.06,0.03,0.15,0.07,0.04,0.16,0.06,0.03,0.14,0.07,0.04,0.13,0.07,0.04,0.13,0.07,0.04,0.12,0.06,0.04,0.1,0.06,0.04,0.09,0.06,0.04,0.09,0.05,0.03,0.08,0.05,0.03,0.08,0.04,0.03,0.06,0.04,0.03,0.06,0.04,0.03,0.05,0.03,0.02,0.05,0.03,0.02,0.05,0.03,0.02,0.04,0.03,0.02,0.04,0.03,0.02,0.04,0.03,0.02,0.04,0.03,0.02,0.04,0.03,0.02,0.04,0.02,0.01,0.04,0.02,0.01,0.04,0.02,0.01,0.04
"Congo, Rep.",8.07,6.59,9.68,8.06,6.51,9.63,7.83,6.35,9.63,6.59,5.31,8.26,6.41,5.11,8,5.27,4.29,6.49,4.83,3.98,5.83,3.82,3.22,4.57,3.37,2.92,3.93,3.22,2.74,3.68,2.76,2.25,3.16,2.68,2.1,3.1,2.67,2.04,3.1,2.71,2.06,3.16,2.74,2.09,3.19,2.79,2.14,3.26,2.65,2.07,3.11,2.56,2.05,3,2.68,2.18,3.11,2.76,2.29,3.19,2.7,2.27,3.09,2.7,2.3,3.05,2.67,2.29,3.02,2.7,2.33,3.11,2.67,2.29,3.06,2.65,2.27,3.04,2.53,2.13,2.91,2.5,2.09,2.88
Costa Rica,0.11,0.11,0.11,0.12,0.11,0.12,0.12,0.12,0.12,0.13,0.12,0.13,0.13,0.13,0.14,0.14,0.14,0.14,0.15,0.14,0.15,0.15,0.15,0.16,0.16,0.16,0.16,0.17,0.16,0.17,0.18,0.17,0.18,0.19,0.18,0.19,0.19,0.19,0.2,0.2,0.2,0.21,0.21,0.21,0.22,0.22,0.22,0.23,0.23,0.23,0.24,0.25,0.24,0.25,0.26,0.25,0.27,0.27,0.26,0.28,0.28,0.27,0.29,0.3,0.29,0.31,0.31,0.3,0.33,0.33,0.31,0.34,0.34,0.33,0.36,0.36,0.34,0.38,0.38,0.36,0.4,0.4,0.38,0.42
Croatia,... ,... , ...,... ,... , ...,... ,... , ...,... ,... , ...,... ,... , ...,... ,... , ...,... ,... , ...,... ,... , ...,... ,... , ...,... ,... , ...,... ,... , ...,... ,... , ...,... ,... , ...,... ,... , ...,... ,... , ...,... ,... , ...,... ,... , ...,... ,... , ...,... ,... , ...,... ,... , ...,... ,... , ...,... ,... , ...,... ,... , ...,... ,... , ...,... ,... , ...,... ,... , ...,... ,... , ...,... ,... , ...
Cuba,0.03,0.02,0.03,0.03,0.03,0.04,0.04,0.03,0.04,0.04,0.04,0.05,0.05,0.04,0.06,0.06,0.05,0.07,0.07,0.06,0.08,0.08,0.07,0.09,0.09,0.09,0.1,0.11,0.1,0.12,0.12,0.12,0.13,0.14,0.13,0.15,0.16,0.15,0.17,0.18,0.17,0.19,0.2,0.19,0.21,0.22,0.21,0.24,0.25,0.24,0.26,0.28,0.27,0.29,0.3,0.29,0.32,0.33,0.32,0.35,0.35,0.34,0.37,0.36,0.35,0.38,0.37,0.36,0.39,0.37,0.36,0.39,0.37,0.36,0.39,0.36,0.35,0.38,0.34,0.33,0.36,0.32,0.31,0.35
Cyprus,0.03,0.03,0.03,0.03,0.03,0.03,0.03,0.03,0.04,0.04,0.03,0.04,0.04,0.03,0.04,0.04,0.04,0.04,0.04,0.04,0.04,0.04,0.04,0.05,0.04,0.04,0.05,0.05,0.04,0.05,0.05,0.04,0.05,0.05,0.05,0.06,0.05,0.05,0.06,0.06,0.05,0.06,0.06,0.05,0.06,0.06,0.06,0.07,0.06,0.06,0.07,0.07,0.06,0.07,0.07,0.06,0.07,0.07,0.07,0.08,0.08,0.07,0.08,0.08,0.07,0.09,0.08,0.08,0.09,0.09,0.08,0.09,0.09,0.08,0.1,0.1,0.09,0.1,0.1,0.09,0.11,0.1,0.1,0.11
Czech Republic,<0.01 ,<0.01 , <0.01,<0.01 ,<0.01 , <0.01,<0.01 ,<0.01 , <0.01,<0.01 ,<0.01 , <0.01,<0.01 ,<0.01 , <0.01,<0.01 ,<0.01 , <0.01,<0.01 ,<0.01 , <0.01,<0.01 ,<0.01 , <0.01,<0.01 ,<0.01 , <0.01,<0.01 ,<0.01 ,0.01,0.01,<0.01 ,0.01,0.01,0.01,0.01,0.01,0.01,0.01,0.01,0.01,0.02,0.02,0.01,0.02,0.02,0.02,0.02,0.02,0.02,0.02,0.02,0.02,0.02,0.02,0.02,0.03,0.03,0.02,0.03,0.03,0.03,0.03,0.03,0.03,0.03,0.04,0.03,0.04,0.04,0.04,0.04,0.04,0.04,0.05,0.05,0.04,0.05,0.05,0.05,0.06,0.06,0.05,0.06
Cote d'Ivoire,11.27,4.89,21.53,12.63,5.49,24.14,13.58,5.9,25.95,13.92,6.04,26.6,13.55,5.88,25.9,12.78,5.55,24.42,11.5,4.99,21.98,9.82,4.27,18.78,8.11,3.52,15.5,6.52,2.83,12.46,5.11,2.22,9.77,3.93,1.71,7.51,3.18,1.38,6.07,2.62,1.14,5,2.28,0.99,4.36,1.86,0.81,3.56,1.78,0.78,3.41,1.86,0.81,3.55,1.8,0.78,3.45,2.2,0.95,4.2,2.03,0.88,3.87,2.09,0.91,3.99,2.11,0.92,4.03,2.11,0.91,4.02,2.12,0.92,4.05,2.09,0.91,3.99,2.03,0.88,3.88,1.93,0.84,3.69
Democratic People's Republic of Korea,... ,... , ...,... ,... , ...,... ,... , ...,... ,... , ...,... ,... , ...,... ,... , ...,... ,... , ...,... ,... , ...,... ,... , ...,... ,... , ...,... ,... , ...,... ,... , ...,... ,... , ...,... ,... , ...,... ,... , ...,... ,... , ...,... ,... , ...,... ,... , ...,... ,... , ...,... ,... , ...,... ,... , ...,... ,... , ...,... ,... , ...,... ,... , ...,... ,... , ...,... ,... , ...,... ,... , ...,... ,... , ...
"Congo, Dem. Rep.",2.56,2.15,2.88,2.62,2.2,2.93,2.63,2.22,2.93,2.64,2.23,2.91,2.65,2.27,2.93,2.62,2.28,2.89,2.55,2.21,2.8,2.45,2.15,2.72,2.3,2.04,2.58,2.12,1.87,2.39,1.92,1.68,2.16,1.74,1.49,1.96,1.52,1.29,1.75,1.31,1.1,1.52,1.13,0.94,1.33,0.93,0.77,1.13,0.79,0.63,0.98,0.66,0.52,0.85,0.55,0.41,0.72,0.48,0.34,0.63,0.41,0.28,0.56,0.36,0.23,0.49,0.33,0.19,0.46,0.31,0.18,0.43,0.3,0.17,0.44,0.3,0.16,0.45,0.28,0.15,0.43,0.25,0.13,0.4
Denmark,0.13,0.12,0.13,0.12,0.11,0.12,0.11,0.1,0.11,0.1,0.1,0.11,0.1,0.09,0.1,0.09,0.09,0.1,0.09,0.09,0.09,0.09,0.09,0.09,0.09,0.09,0.09,0.09,0.09,0.1,0.09,0.09,0.1,0.1,0.09,0.1,0.09,0.09,0.1,0.09,0.09,0.1,0.09,0.08,0.09,0.09,0.08,0.09,0.08,0.08,0.09,0.08,0.07,0.08,0.08,0.07,0.08,0.07,0.07,0.07,0.07,0.06,0.07,0.07,0.06,0.07,0.06,0.06,0.07,0.06,0.05,0.06,0.06,0.05,0.06,0.05,0.05,0.05,0.05,0.05,0.05,0.05,0.05,0.06
Djibouti,0.74,0.32,1.82,1.17,0.57,2.63,1.77,0.89,3.47,2.45,1.33,4.23,3.17,1.94,5.1,3.83,2.56,5.59,4.46,3.22,5.94,4.7,3.63,5.84,4.89,3.71,6.02,4.49,3.15,5.66,3.95,2.57,5.19,3.28,1.96,4.52,2.62,1.51,3.84,1.97,1.12,3.03,1.4,0.81,2.23,1.06,0.55,1.71,0.95,0.49,1.56,0.85,0.5,1.36,0.78,0.47,1.18,0.83,0.53,1.25,0.84,0.54,1.3,0.9,0.55,1.38,0.94,0.59,1.42,0.97,0.59,1.47,0.99,0.54,1.53,0.96,0.54,1.6,0.91,0.49,1.58,0.88,0.46,1.57
Dominican Republic,1.64,1.15,2.27,1.94,1.35,2.8,2.13,1.46,3.12,2.19,1.45,3.31,2.24,1.49,3.41,2.31,1.53,3.54,2.4,1.59,3.64,2.53,1.69,3.69,2.6,1.81,3.59,2.62,1.91,3.52,2.45,1.85,3.28,2.25,1.72,2.95,1.92,1.47,2.48,1.58,1.21,2.1,1.31,1.01,1.74,1.08,0.82,1.45,0.91,0.68,1.21,0.76,0.56,1.02,0.6,0.44,0.81,0.52,0.36,0.72,0.47,0.33,0.66,0.44,0.3,0.62,0.44,0.29,0.62,0.44,0.28,0.62,0.43,0.28,0.65,0.41,0.25,0.67,0.39,0.21,0.7,0.38,0.19,0.79
Ecuador,0.39,0.04,1.6,0.41,0.06,1.53,0.42,0.12,1.7,0.42,0.14,1.15,0.42,0.15,1.06,0.43,0.19,1.06,0.43,0.22,1.02,0.43,0.25,1.02,0.43,0.25,0.95,0.42,0.26,0.88,0.42,0.25,0.81,0.42,0.25,0.77,0.3,0.19,0.54,0.28,0.18,0.51,0.28,0.18,0.52,0.28,0.18,0.52,0.28,0.18,0.52,0.29,0.18,0.53,0.26,0.17,0.48,0.26,0.16,0.48,0.25,0.16,0.49,0.25,0.15,0.48,0.24,0.14,0.48,0.24,0.14,0.48,0.24,0.14,0.48,0.23,0.14,0.47,0.23,0.13,0.47,0.22,0.13,0.46
Egypt,<0.01 ,<0.01 , <0.01,<0.01 ,<0.01 , <0.01,<0.01 ,<0.01 , <0.01,<0.01 ,<0.01 , <0.01,<0.01 ,<0.01 , <0.01,<0.01 ,<0.01 , <0.01,<0.01 ,<0.01 , <0.01,<0.01 ,<0.01 , <0.01,<0.01 ,<0.01 , <0.01,0.01,<0.01 ,0.01,0.01,0.01,0.01,0.01,0.01,0.01,0.01,0.01,0.01,0.01,0.01,0.01,0.02,0.01,0.02,0.02,0.02,0.02,0.02,0.02,0.02,0.02,0.02,0.02,0.02,0.02,0.02,0.02,0.02,0.02,0.03,0.02,0.03,0.03,0.03,0.03,0.03,0.03,0.03,0.03,0.03,0.03,0.03,0.03,0.04,0.04,0.04,0.04,0.04,0.04,0.04,0.04,0.04,0.05
El Salvador,0.22,0.21,0.22,0.27,0.27,0.27,0.32,0.32,0.33,0.38,0.38,0.39,0.44,0.43,0.44,0.49,0.48,0.49,0.53,0.53,0.54,0.57,0.56,0.57,0.59,0.58,0.59,0.6,0.6,0.61,0.61,0.6,0.61,0.6,0.6,0.61,0.59,0.59,0.6,0.58,0.58,0.59,0.57,0.56,0.57,0.55,0.55,0.56,0.53,0.53,0.54,0.51,0.51,0.52,0.5,0.49,0.5,0.48,0.47,0.48,0.46,0.45,0.47,0.44,0.43,0.45,0.42,0.41,0.43,0.4,0.39,0.41,0.38,0.37,0.39,0.37,0.36,0.38,0.35,0.34,0.36,0.33,0.32,0.34
Equatorial Guinea,2.28,1.35,3.83,2.68,1.7,4.24,2.99,1.98,4.42,3.37,2.28,4.85,3.7,2.63,5.21,4.02,2.94,5.5,4.45,3.29,5.99,4.82,3.59,6.31,4.99,3.78,6.41,5.25,4.05,6.6,5.52,4.21,6.94,5.73,4.44,7.16,6.1,4.78,7.57,6.08,4.88,7.43,6.28,5.15,7.61,6.43,5.31,7.77,6.62,5.47,7.95,6.58,5.51,7.85,6.67,5.59,8,6.7,5.58,8.11,6.64,5.38,8.3,6.71,5.35,8.72,6.67,5.21,9.06,6.46,4.89,9.12,5.98,4.4,8.81,5.86,4.22,8.85,5.74,4.06,8.86,5.4,3.74,8.74
Eritrea,1.74,0.88,2.6,2.09,1.18,2.93,2.42,1.52,3.29,2.69,1.84,3.55,2.87,2.03,3.7,2.85,2.09,3.71,2.83,2.04,3.73,2.48,1.76,3.32,2.01,1.43,2.73,1.62,1.12,2.26,1.22,0.78,1.8,0.96,0.57,1.48,0.73,0.43,1.22,0.55,0.29,0.97,0.41,0.19,0.75,0.3,0.12,0.58,0.23,0.08,0.48,0.18,0.07,0.36,0.19,0.07,0.37,0.19,0.06,0.38,0.19,0.06,0.38,0.19,0.06,0.38,0.19,0.06,0.37,0.2,0.07,0.37,0.21,0.07,0.37,0.21,0.08,0.38,0.22,0.09,0.4,0.23,0.09,0.42
Estonia,<0.01 ,<0.01 , <0.01,<0.01 ,<0.01 , <0.01,<0.01 ,<0.01 , <0.01,<0.01 ,<0.01 , <0.01,<0.01 ,<0.01 , <0.01,0.03,0.02,0.03,0.07,0.07,0.08,0.19,0.18,0.21,0.44,0.41,0.47,0.78,0.75,0.81,1,0.98,1.02,0.98,0.95,1.01,0.84,0.81,0.87,0.7,0.68,0.72,0.59,0.57,0.6,0.51,0.5,0.52,0.46,0.45,0.47,0.43,0.42,0.44,0.41,0.4,0.42,0.4,0.39,0.41,0.39,0.38,0.4,0.38,0.37,0.4,0.38,0.37,0.39,0.38,0.37,0.39,0.38,0.37,0.39,0.38,0.36,0.39,0.38,0.36,0.39,0.38,0.36,0.39
Ethiopia,4.78,1.87,9.1,5.32,2.08,10.14,5.62,2.2,10.71,5.65,2.21,10.77,5.45,2.13,10.39,5.14,2.01,9.8,4.61,1.8,8.78,3.97,1.55,7.56,3.36,1.31,6.4,2.65,1.04,5.05,2.09,0.82,3.99,1.57,0.62,3,1.18,0.46,2.26,0.86,0.34,1.63,0.63,0.25,1.19,0.46,0.18,0.89,0.36,0.14,0.69,0.28,0.11,0.54,0.23,0.09,0.44,0.21,0.08,0.39,0.19,0.08,0.37,0.19,0.08,0.37,0.2,0.08,0.38,0.18,0.07,0.35,0.2,0.08,0.37,0.2,0.08,0.39,0.21,0.08,0.4,0.22,0.09,0.42
Fiji,... ,... , ...,... ,... , ...,... ,... , ...,... ,... , ...,... ,... , ...,... ,... , ...,... ,... , ...,... ,... , ...,... ,... , ...,... ,... , ...,... ,... , ...,... ,... , ...,... ,... , ...,... ,... , ...,... ,... , ...,... ,... , ...,... ,... , ...,... ,... , ...,... ,... , ...,... ,... , ...,... ,... , ...,... ,... , ...,... ,... , ...,... ,... , ...,... ,... , ...,... ,... , ...,... ,... , ...,... ,... , ...
Finland,... ,... , ...,... ,... , ...,... ,... , ...,... ,... , ...,... ,... , ...,... ,... , ...,... ,... , ...,... ,... , ...,... ,... , ...,... ,... , ...,... ,... , ...,... ,... , ...,... ,... , ...,... ,... , ...,... ,... , ...,... ,... , ...,... ,... , ...,... ,... , ...,... ,... , ...,... ,... , ...,... ,... , ...,... ,... , ...,... ,... , ...,... ,... , ...,... ,... , ...,... ,... , ...,... ,... , ...,... ,... , ...
France,0.26,0.25,0.27,0.29,0.28,0.31,0.3,0.28,0.32,0.31,0.29,0.34,0.32,0.29,0.35,0.31,0.28,0.35,0.27,0.24,0.32,0.21,0.18,0.25,0.2,0.17,0.24,0.2,0.17,0.24,0.2,0.17,0.24,0.23,0.2,0.26,0.25,0.23,0.29,0.28,0.26,0.32,0.31,0.28,0.34,0.32,0.3,0.35,0.28,0.26,0.3,0.3,0.28,0.33,0.26,0.24,0.28,0.25,0.24,0.27,0.24,0.22,0.26,0.21,0.2,0.23,0.24,0.22,0.25,0.2,0.18,0.21,0.18,0.17,0.2,0.18,0.17,0.2,0.18,0.17,0.2,0.18,0.16,0.2
Gabon,2.4,1.81,2.99,2.87,2.25,3.51,3.44,2.77,4.08,3.99,3.28,4.64,4.41,3.71,5.14,4.81,4.12,5.54,5.03,4.37,5.84,5.18,4.51,5.96,5.23,4.52,6,5.06,4.37,5.77,4.95,4.25,5.65,4.73,4.08,5.43,4.52,3.93,5.12,4.3,3.76,4.83,4.14,3.66,4.66,3.85,3.44,4.34,3.62,3.21,4.08,3.57,3.17,4.04,3.47,3.07,3.94,3.42,3.01,3.9,3.3,2.89,3.77,3.26,2.85,3.73,3.2,2.79,3.67,3.09,2.69,3.55,2.92,2.52,3.38,2.86,2.46,3.32,2.67,2.27,3.13,2.51,2.11,2.98
Gambia,0.34,0.2,0.53,0.49,0.33,0.72,0.7,0.5,0.97,1,0.77,1.34,1.38,1.08,1.78,1.78,1.4,2.26,2.22,1.77,2.77,2.61,2.12,3.24,2.92,2.36,3.64,3.15,2.57,3.85,3.24,2.65,3.96,3.29,2.68,4.06,3.28,2.66,4.01,3.12,2.52,3.82,2.99,2.38,3.66,2.79,2.2,3.43,2.56,2.02,3.1,2.38,1.86,2.85,2.14,1.68,2.58,1.91,1.49,2.3,1.79,1.38,2.17,1.61,1.23,2,1.47,1.1,1.83,1.38,1,1.74,1.32,0.97,1.71,1.27,0.92,1.67,1.23,0.87,1.62,1.17,0.83,1.55
Georgia,<0.01 ,<0.01 ,0.01,<0.01 ,<0.01 ,0.01,0.01,<0.01 ,0.02,0.02,<0.01 ,0.03,0.02,0.01,0.03,0.03,0.02,0.04,0.04,0.03,0.06,0.06,0.04,0.08,0.07,0.05,0.09,0.09,0.07,0.12,0.11,0.09,0.15,0.13,0.11,0.17,0.16,0.12,0.21,0.18,0.14,0.25,0.21,0.16,0.28,0.23,0.18,0.31,0.26,0.2,0.36,0.29,0.23,0.38,0.32,0.25,0.43,0.36,0.28,0.47,0.39,0.31,0.51,0.42,0.33,0.54,0.44,0.34,0.57,0.44,0.32,0.6,0.44,0.31,0.63,0.43,0.29,0.68,0.42,0.28,0.74,0.4,0.26,0.76
Germany,... ,... , ...,... ,... , ...,... ,... , ...,... ,... , ...,... ,... , ...,... ,... , ...,... ,... , ...,... ,... , ...,... ,... , ...,... ,... , ...,... ,... , ...,... ,... , ...,... ,... , ...,... ,... , ...,... ,... , ...,... ,... , ...,... ,... , ...,... ,... , ...,... ,... , ...,... ,... , ...,... ,... , ...,... ,... , ...,... ,... , ...,... ,... , ...,... ,... , ...,... ,... , ...,... ,... , ...,... ,... , ...
Ghana,2.68,2.19,3.1,2.98,2.53,3.41,3.17,2.79,3.6,3.41,3.02,3.82,3.49,3.08,3.92,3.55,3.11,4,3.53,3.08,4.01,3.48,3.04,3.97,3.31,2.84,3.73,3.07,2.63,3.48,2.89,2.45,3.31,2.66,2.26,3.05,2.46,2.11,2.82,2.25,1.94,2.57,2.03,1.74,2.31,1.87,1.6,2.14,1.69,1.43,1.92,1.57,1.31,1.78,1.46,1.22,1.66,1.35,1.12,1.56,1.27,1.04,1.5,1.19,0.97,1.43,1.13,0.91,1.36,1.09,0.88,1.33,1.08,0.86,1.32,1.07,0.85,1.32,1.07,0.84,1.33,1.05,0.82,1.32
Greece,0.04,0.04,0.04,0.05,0.05,0.05,0.05,0.05,0.05,0.05,0.05,0.05,0.05,0.05,0.05,0.06,0.06,0.06,0.06,0.06,0.06,0.06,0.06,0.06,0.07,0.07,0.07,0.07,0.07,0.07,0.07,0.07,0.07,0.08,0.08,0.08,0.08,0.08,0.08,0.09,0.08,0.09,0.09,0.09,0.09,0.1,0.09,0.1,0.1,0.1,0.1,0.11,0.1,0.11,0.11,0.11,0.11,0.12,0.12,0.12,0.12,0.12,0.12,0.13,0.13,0.13,0.14,0.14,0.14,0.14,0.14,0.15,0.15,0.15,0.15,0.16,0.16,0.16,0.17,0.17,0.17,0.18,0.17,0.18
Guatemala,0.06,0.04,0.09,0.08,0.05,0.12,0.1,0.07,0.16,0.14,0.1,0.22,0.19,0.14,0.31,0.27,0.18,0.45,0.38,0.24,0.62,0.5,0.32,0.83,0.62,0.43,0.96,0.67,0.51,0.93,0.65,0.48,0.85,0.62,0.45,0.78,0.62,0.46,0.79,0.62,0.49,0.8,0.57,0.47,0.72,0.5,0.41,0.62,0.46,0.38,0.56,0.44,0.37,0.52,0.42,0.36,0.5,0.41,0.34,0.49,0.35,0.28,0.42,0.34,0.27,0.41,0.32,0.25,0.39,0.3,0.23,0.37,0.28,0.21,0.36,0.27,0.2,0.34,0.25,0.18,0.32,0.24,0.17,0.31
Guinea,2.08,1.02,4.03,2.37,1.3,4.27,2.53,1.52,4.25,2.68,1.67,4.16,2.62,1.72,3.83,2.41,1.67,3.26,2.19,1.64,2.79,2.15,1.66,2.67,2.04,1.6,2.54,1.83,1.41,2.27,1.83,1.43,2.27,1.74,1.36,2.16,1.69,1.35,2.06,1.68,1.37,2.02,1.63,1.33,1.93,1.6,1.32,1.87,1.58,1.31,1.84,1.51,1.28,1.78,1.48,1.23,1.75,1.39,1.13,1.66,1.32,1.04,1.61,1.25,0.96,1.55,1.21,0.9,1.49,1.17,0.85,1.49,1.15,0.83,1.49,1.12,0.79,1.44,1.09,0.76,1.44,1.06,0.73,1.39
Guinea-Bissau,0.98,0.62,1.47,1.29,0.83,1.84,1.65,1.07,2.26,2.06,1.33,2.72,2.55,1.72,3.25,3.09,2.16,3.83,3.63,2.61,4.45,4.11,3.06,4.93,4.64,3.62,5.55,4.95,4.02,5.89,5.35,4.5,6.38,5.46,4.7,6.46,5.58,4.83,6.47,5.59,4.84,6.54,5.39,4.7,6.23,5.3,4.65,6.11,4.83,4.2,5.49,4.5,3.9,5.11,4.04,3.49,4.63,3.61,3.04,4.13,3.26,2.64,3.78,2.92,2.26,3.48,2.64,2.01,3.22,2.4,1.79,3,2.27,1.65,2.86,2.16,1.54,2.69,2.08,1.46,2.61,2,1.41,2.53
Guyana,0.11,0.05,0.14,0.15,0.07,0.2,0.2,0.1,0.28,0.28,0.15,0.39,0.38,0.21,0.54,0.51,0.3,0.71,0.68,0.43,0.96,0.89,0.58,1.22,1.14,0.75,1.49,1.43,1.02,1.83,1.67,1.25,2.11,1.88,1.47,2.28,1.96,1.62,2.31,1.98,1.69,2.31,1.91,1.66,2.24,1.83,1.57,2.18,1.68,1.45,2.08,1.44,1.19,1.72,1.4,1.16,1.67,1.34,1.06,1.6,1.3,1.04,1.52,1.28,1.01,1.51,1.26,0.99,1.51,1.23,0.96,1.5,1.2,0.93,1.45,1.18,0.91,1.41,1.14,0.88,1.37,1.09,0.83,1.32
Haiti,2.3,1.7,2.98,2.51,1.85,3.25,2.66,1.96,3.45,2.78,2.05,3.6,2.84,2.1,3.69,2.84,2.1,3.69,2.81,2.08,3.65,2.69,1.99,3.5,2.6,1.92,3.37,2.48,1.83,3.22,2.34,1.73,3.04,2.21,1.64,2.88,2.1,1.55,2.72,2,1.48,2.6,1.9,1.4,2.46,1.81,1.34,2.35,1.76,1.3,2.29,1.72,1.27,2.24,1.68,1.24,2.18,1.65,1.22,2.15,1.57,1.16,2.04,1.56,1.16,2.03,1.51,1.12,1.97,1.43,1.05,1.85,1.32,0.98,1.72,1.24,0.92,1.61,1.17,0.87,1.52,1.06,0.78,1.38
Honduras,1.84,1.23,2.68,1.96,1.42,2.74,1.98,1.53,2.63,1.93,1.55,2.48,1.78,1.43,2.27,1.62,1.28,2,1.41,1.07,1.77,1.17,0.86,1.46,0.9,0.66,1.13,0.68,0.51,0.85,0.53,0.4,0.69,0.4,0.31,0.53,0.33,0.24,0.43,0.29,0.21,0.39,0.26,0.18,0.35,0.24,0.17,0.33,0.21,0.14,0.29,0.19,0.13,0.27,0.18,0.12,0.25,0.18,0.12,0.25,0.18,0.12,0.25,0.18,0.11,0.25,0.17,0.11,0.25,0.17,0.1,0.24,0.17,0.1,0.24,0.17,0.1,0.23,0.16,0.1,0.23,0.16,0.1,0.23
Hungary,<0.01 ,<0.01 , <0.01,<0.01 ,<0.01 , <0.01,<0.01 ,<0.01 , <0.01,<0.01 ,<0.01 , <0.01,<0.01 ,<0.01 , <0.01,<0.01 ,<0.01 ,0.01,0.01,<0.01 ,0.01,0.01,0.01,0.01,0.01,0.01,0.01,0.01,0.01,0.01,0.01,0.01,0.01,0.02,0.01,0.02,0.02,0.02,0.02,0.02,0.02,0.02,0.02,0.02,0.02,0.02,0.02,0.02,0.02,0.02,0.02,0.02,0.02,0.02,0.03,0.02,0.03,0.03,0.03,0.03,0.03,0.03,0.03,0.03,0.03,0.03,0.03,0.03,0.04,0.04,0.03,0.04,0.04,0.04,0.04,0.04,0.04,0.05,0.05,0.04,0.05,0.05,0.05,0.06
Iceland,... ,... , ...,... ,... , ...,... ,... , ...,... ,... , ...,... ,... , ...,... ,... , ...,... ,... , ...,... ,... , ...,... ,... , ...,... ,... , ...,... ,... , ...,... ,... , ...,... ,... , ...,... ,... , ...,... ,... , ...,... ,... , ...,... ,... , ...,... ,... , ...,... ,... , ...,... ,... , ...,... ,... , ...,... ,... , ...,... ,... , ...,... ,... , ...,... ,... , ...,... ,... , ...,... ,... , ...,... ,... , ...
India,0.4,0.14,0.49,0.56,0.2,0.7,0.74,0.28,0.99,0.96,0.37,1.31,1.03,0.47,1.69,0.93,0.51,1.81,0.73,0.46,1.65,0.54,0.36,1.28,0.43,0.27,0.96,0.34,0.21,0.75,0.29,0.17,0.61,0.24,0.14,0.51,0.21,0.12,0.43,0.19,0.11,0.38,0.18,0.1,0.34,0.17,0.09,0.32,0.16,0.08,0.3,0.15,0.08,0.28,0.15,0.08,0.27,0.15,0.08,0.27,0.14,0.07,0.27,0.14,0.07,0.25,0.13,0.07,0.24,0.12,0.06,0.23,0.12,0.06,0.21,0.11,0.06,0.2,0.1,0.05,0.19,0.15,0.05,0.18
Indonesia,<0.01 ,<0.01 , <0.01,<0.01 ,<0.01 , <0.01,<0.01 ,<0.01 , <0.01,0.01,0.01,0.02,0.03,0.03,0.03,0.05,0.04,0.05,0.08,0.07,0.08,0.11,0.09,0.11,0.13,0.12,0.14,0.16,0.14,0.17,0.2,0.18,0.22,0.27,0.24,0.29,0.36,0.33,0.4,0.43,0.39,0.47,0.46,0.42,0.5,0.48,0.43,0.52,0.5,0.44,0.54,0.48,0.43,0.52,0.45,0.41,0.49,0.45,0.4,0.49,0.44,0.39,0.47,0.42,0.38,0.46,0.4,0.36,0.44,0.38,0.34,0.41,0.35,0.31,0.38,0.35,0.31,0.38,0.32,0.29,0.35,0.32,0.29,0.35
Iran (Islamic Republic of),0.02,<0.01 ,0.07,0.02,<0.01 ,0.05,0.01,<0.01 ,0.06,0.02,<0.01 ,0.06,0.02,0.01,0.08,0.03,0.01,0.09,0.05,0.02,0.16,0.07,0.03,0.24,0.09,0.04,0.23,0.1,0.05,0.22,0.12,0.06,0.24,0.13,0.08,0.23,0.14,0.09,0.22,0.14,0.09,0.2,0.14,0.09,0.21,0.14,0.09,0.22,0.13,0.08,0.19,0.13,0.08,0.18,0.12,0.08,0.19,0.11,0.07,0.18,0.11,0.06,0.18,0.1,0.05,0.19,0.1,0.04,0.2,0.1,0.04,0.21,0.1,0.04,0.22,0.1,0.03,0.23,0.09,0.03,0.22,0.09,0.03,0.22
Ireland,... ,... , ...,... ,... , ...,... ,... , ...,... ,... , ...,... ,... , ...,... ,... , ...,... ,... , ...,... ,... , ...,... ,... , ...,... ,... , ...,... ,... , ...,... ,... , ...,... ,... , ...,... ,... , ...,... ,... , ...,... ,... , ...,... ,... , ...,... ,... , ...,... ,... , ...,... ,... , ...,... ,... , ...,... ,... , ...,... ,... , ...,... ,... , ...,... ,... , ...,... ,... , ...,... ,... , ...,... ,... , ...
Israel,... ,... , ...,... ,... , ...,... ,... , ...,... ,... , ...,... ,... , ...,... ,... , ...,... ,... , ...,... ,... , ...,... ,... , ...,... ,... , ...,... ,... , ...,... ,... , ...,... ,... , ...,... ,... , ...,... ,... , ...,... ,... , ...,... ,... , ...,... ,... , ...,... ,... , ...,... ,... , ...,... ,... , ...,... ,... , ...,... ,... , ...,... ,... , ...,... ,... , ...,... ,... , ...,... ,... , ...,... ,... , ...
Italy,0.33,<0.01 , <0.01,0.32,<0.01 , <0.01,0.32,<0.01 , <0.01,0.32,0.3,0.34,0.29,0.24,0.31,0.24,0.21,0.26,0.21,0.19,0.23,0.2,0.18,0.23,0.2,0.19,0.22,0.2,0.18,0.22,0.2,0.19,0.21,0.19,0.18,0.21,0.18,0.16,0.19,0.14,0.13,0.15,0.15,0.14,0.16,0.12,0.11,0.13,0.11,0.11,0.12,0.11,0.1,0.11,0.1,0.09,0.11,0.09,0.08,0.1,0.09,0.08,0.09,0.09,0.08,0.09,0.09,0.08,0.09,0.09,0.08,0.09,0.09,0.08,0.09,0.09,0.08,0.09,0.09,0.08,0.09,0.09,0.08,0.1
Jamaica,3.13,2,9.05,3.59,2.59,9.8,3.92,3.07,6.38,4.09,3.38,6.17,3.36,2.81,4.79,3.07,2.54,3.89,2.94,2.4,3.48,2.77,2.29,3.3,2.5,2.03,3.01,2.3,1.86,2.76,2.16,1.74,2.58,2,1.62,2.38,1.86,1.51,2.21,1.77,1.43,2.09,1.64,1.33,1.94,1.6,1.31,1.87,1.53,1.26,1.81,1.43,1.2,1.7,1.38,1.16,1.61,1.33,1.12,1.56,1.3,1.09,1.53,1.28,1.08,1.52,1.27,1.07,1.54,1.26,1.05,1.54,1.25,1.03,1.52,1.23,1.02,1.52,1.2,0.99,1.49,1.17,0.95,1.45
Japan,<0.01 ,<0.01 , <0.01,<0.01 ,<0.01 , <0.01,<0.01 ,<0.01 , <0.01,<0.01 ,<0.01 , <0.01,<0.01 ,<0.01 , <0.01,<0.01 ,<0.01 , <0.01,<0.01 ,<0.01 ,0.01,0.01,0.01,0.01,0.01,0.01,0.01,0.01,0.01,0.02,0.02,0.01,0.02,0.02,0.02,0.02,0.02,0.02,0.02,0.02,0.02,0.02,0.02,0.02,0.02,0.02,0.02,0.02,0.02,0.02,0.02,0.02,0.02,0.03,0.02,0.02,0.03,0.02,0.02,0.03,0.02,0.02,0.03,0.03,0.02,0.03,0.03,0.02,0.03,0.03,0.02,0.03,0.03,0.02,0.03,0.03,0.02,0.03,0.03,0.02,0.03,0.03,0.02,0.03
Jordan,... ,... , ...,... ,... , ...,... ,... , ...,... ,... , ...,... ,... , ...,... ,... , ...,... ,... , ...,... ,... , ...,... ,... , ...,... ,... , ...,... ,... , ...,... ,... , ...,... ,... , ...,... ,... , ...,... ,... , ...,... ,... , ...,... ,... , ...,... ,... , ...,... ,... , ...,... ,... , ...,... ,... , ...,... ,... , ...,... ,... , ...,... ,... , ...,... ,... , ...,... ,... , ...,... ,... , ...,... ,... , ...
Kazakhstan,0.01,<0.01 ,0.01,0.02,<0.01 ,0.02,0.02,<0.01 ,0.02,0.03,<0.01 ,0.03,0.03,0.01,0.04,0.04,0.02,0.05,0.05,0.03,0.06,0.06,0.03,0.07,0.07,0.05,0.08,0.08,0.05,0.09,0.09,0.06,0.1,0.1,0.07,0.11,0.11,0.08,0.12,0.11,0.08,0.12,0.11,0.08,0.12,0.12,0.09,0.13,0.12,0.1,0.13,0.13,0.1,0.14,0.14,0.11,0.15,0.16,0.12,0.17,0.17,0.13,0.18,0.19,0.14,0.2,0.22,0.15,0.23,0.24,0.17,0.26,0.27,0.17,0.29,0.3,0.18,0.32,0.32,0.19,0.36,0.34,0.19,0.4
Kenya,14.37,8.12,24.18,16.19,9.15,27.25,17,9.6,28.61,17.26,9.75,29.06,16.48,9.31,27.74,15.02,8.48,25.28,12.99,7.34,21.86,10.95,6.19,18.43,9.04,5.11,15.22,7.53,4.26,12.68,6.17,3.49,10.38,5.25,2.96,8.83,4.63,2.62,7.79,4.24,2.4,7.14,4.09,2.31,6.88,4,2.26,6.73,4.07,2.3,6.85,4.06,2.29,6.83,4,2.26,6.73,3.82,2.16,6.42,3.46,1.95,5.82,3.29,1.86,5.54,3.07,1.74,5.17,2.88,1.63,4.85,2.69,1.52,4.54,2.44,1.38,4.1,2.16,1.22,3.63,1.95,1.1,3.28
Kuwait,<0.01 ,<0.01 , <0.01,<0.01 ,<0.01 , <0.01,<0.01 ,<0.01 , <0.01,<0.01 ,<0.01 , <0.01,<0.01 ,<0.01 ,0.01,<0.01 ,<0.01 ,0.01,0.01,<0.01 ,0.01,0.01,0.01,0.01,0.01,0.01,0.02,0.01,0.01,0.02,0.02,0.01,0.02,0.02,0.02,0.02,0.02,0.02,0.02,0.02,0.02,0.02,0.02,0.02,0.03,0.03,0.02,0.03,0.03,0.03,0.03,0.03,0.03,0.04,0.04,0.03,0.04,0.04,0.03,0.05,0.04,0.04,0.05,0.05,0.04,0.06,0.05,0.05,0.06,0.06,0.05,0.07,0.07,0.05,0.08,0.07,0.06,0.09,0.08,0.07,0.1,0.09,0.07,0.12
Kyrgyzstan,<0.01 ,<0.01 , <0.01,<0.01 ,<0.01 , <0.01,<0.01 ,<0.01 , <0.01,<0.01 ,<0.01 ,0.02,<0.01 ,<0.01 ,0.03,0.01,<0.01 ,0.04,0.02,0.01,0.05,0.04,0.02,0.06,0.05,0.03,0.07,0.06,0.04,0.09,0.08,0.06,0.1,0.09,0.07,0.12,0.1,0.07,0.14,0.12,0.08,0.16,0.13,0.09,0.18,0.15,0.11,0.21,0.18,0.13,0.25,0.2,0.14,0.28,0.22,0.16,0.31,0.24,0.18,0.33,0.25,0.18,0.34,0.25,0.18,0.34,0.25,0.17,0.34,0.24,0.17,0.32,0.22,0.15,0.3,0.2,0.13,0.29,0.18,0.11,0.27,0.17,0.1,0.27
Lao People's Democratic Republic,... ,... , ...,... ,... , ...,... ,... , ...,... ,... , ...,... ,... , ...,... ,... , ...,... ,... , ...,... ,... , ...,... ,... , ...,... ,... , ...,... ,... , ...,... ,... , ...,... ,... , ...,... ,... , ...,... ,... , ...,... ,... , ...,... ,... , ...,... ,... , ...,... ,... , ...,... ,... , ...,... ,... , ...,... ,... , ...,... ,... , ...,... ,... , ...,... ,... , ...,... ,... , ...,... ,... , ...,... ,... , ...
Latvia,... ,... , ...,... ,... , ...,... ,... , ...,... ,... , ...,... ,... , ...,... ,... , ...,... ,... , ...,... ,... , ...,... ,... , ...,... ,... , ...,... ,... , ...,... ,... , ...,... ,... , ...,... ,... , ...,... ,... , ...,... ,... , ...,... ,... , ...,... ,... , ...,... ,... , ...,... ,... , ...,... ,... , ...,... ,... , ...,... ,... , ...,... ,... , ...,... ,... , ...,... ,... , ...,... ,... , ...,... ,... , ...
Lebanon,... ,... , ...,... ,... , ...,... ,... , ...,... ,... , ...,... ,... , ...,... ,... , ...,... ,... , ...,... ,... , ...,... ,... , ...,... ,... , ...,... ,... , ...,... ,... , ...,... ,... , ...,... ,... , ...,... ,... , ...,... ,... , ...,... ,... , ...,... ,... , ...,... ,... , ...,... ,... , ...,... ,... , ...,... ,... , ...,... ,... , ...,... ,... , ...,... ,... , ...,... ,... , ...,... ,... , ...,0.04,0.04,0.05
Lesotho,7.5,6.74,8.58,12.3,11.1,13.5,18.6,17.1,20.1,25.9,23.9,27.9,32.7,30.3,35.1,38.3,35.5,41.1,41.6,38.5,44.6,42.6,39.6,45.9,41.5,38.4,44.8,38.6,35.4,42.3,34.9,31.6,38.7,31.5,28,34.5,28.3,24.7,30.9,26.2,22.7,28.3,24.3,20.9,26,23.6,20.4,25.3,23.2,20.5,24.7,22.8,20.4,24.2,22.2,19.9,23.4,22.2,19.7,23.7,22,19.3,24,21.8,19.2,23.8,22.3,19.7,24.4,22.3,19.5,24.5,21.9,19,24.2,21.3,18.6,23.8,19.7,17,22.3,16.1,13.7,18.5
Liberia,10.18,5.09,16.35,7.74,4.32,12.38,7.18,4.37,10.31,6.44,4.23,8.8,5.6,3.78,7.22,4.75,3.29,6.15,3.96,2.35,5.24,3.31,1.77,4.29,2.73,1.34,3.6,2.22,1.15,3.07,1.85,0.86,2.65,1.56,0.77,2.28,1.38,0.71,2.05,1.27,0.72,1.83,1.2,0.77,1.65,1.15,0.81,1.54,1.12,0.82,1.45,1.1,0.82,1.36,1.31,0.99,1.64,1.16,0.88,1.47,1.05,0.78,1.31,1.01,0.72,1.28,0.97,0.71,1.26,0.96,0.7,1.27,0.94,0.67,1.25,0.93,0.66,1.25,0.92,0.65,1.25,0.89,0.63,1.22
Lithuania,0.01,0.01,0.01,0.02,0.01,0.02,0.02,0.02,0.02,0.02,0.02,0.02,0.02,0.02,0.02,0.02,0.02,0.02,0.03,0.02,0.03,0.03,0.03,0.03,0.03,0.03,0.03,0.03,0.03,0.04,0.04,0.04,0.04,0.21,0.2,0.21,0.05,0.05,0.05,0.05,0.05,0.06,0.06,0.06,0.06,0.07,0.06,0.07,0.07,0.07,0.08,0.08,0.08,0.08,0.09,0.09,0.09,0.1,0.1,0.1,0.11,0.11,0.12,0.12,0.12,0.13,0.14,0.13,0.14,0.15,0.15,0.16,0.17,0.16,0.18,0.19,0.18,0.2,0.21,0.2,0.22,0.23,0.22,0.25
Luxembourg,0.08,0.08,0.08,0.08,0.08,0.09,0.09,0.08,0.09,0.09,0.09,0.09,0.09,0.09,0.09,0.09,0.09,0.1,0.1,0.09,0.1,0.1,0.1,0.11,0.1,0.1,0.11,0.11,0.1,0.11,0.11,0.11,0.12,0.12,0.11,0.12,0.12,0.11,0.12,0.12,0.12,0.13,0.13,0.12,0.13,0.13,0.13,0.14,0.14,0.13,0.14,0.14,0.13,0.15,0.15,0.14,0.16,0.15,0.14,0.16,0.16,0.15,0.17,0.16,0.15,0.18,0.17,0.16,0.18,0.17,0.16,0.19,0.18,0.17,0.2,0.19,0.17,0.2,0.19,0.18,0.21,0.2,0.18,0.22
Madagascar,0.05,0.01,0.16,0.08,0.02,0.22,0.12,0.04,0.3,0.16,0.06,0.38,0.2,0.08,0.44,0.25,0.11,0.5,0.28,0.14,0.49,0.31,0.17,0.5,0.31,0.19,0.46,0.31,0.21,0.43,0.29,0.21,0.41,0.25,0.18,0.36,0.21,0.15,0.3,0.18,0.11,0.24,0.15,0.09,0.19,0.14,0.09,0.18,0.13,0.09,0.16,0.15,0.11,0.19,0.16,0.13,0.2,0.18,0.14,0.22,0.2,0.16,0.24,0.22,0.18,0.28,0.25,0.2,0.32,0.29,0.23,0.38,0.32,0.25,0.44,0.35,0.27,0.49,0.38,0.28,0.54,0.41,0.29,0.61
Malawi,19.4,18.4,21.4,22.2,20.9,24.2,23.9,22.5,26,24.5,22.8,26.8,24.1,22.1,26.5,23,20.7,25.5,21.2,18.8,23.6,19.4,16.9,21.3,17.3,14.9,18.6,15.4,13.2,16.4,13.8,11.8,14.5,12.5,10.8,13.1,11.7,10.1,12.1,11.1,9.71,11.5,10.7,9.53,11.2,10.5,9.5,10.9,10,8.89,10.4,9.7,8.43,10.2,9.4,8.04,10.4,9,8.06,11,8.7,8.18,11.3,8.2,7.76,10.7,7.6,7.1,9.89,6.9,6.36,8.93,6.2,5.73,8.1,5.6,5.1,7.31,5,4.53,6.54,4.4,3.91,5.71
Malaysia,1.47,1.31,1.62,0.8,0.71,0.88,0.67,0.59,0.73,0.68,0.61,0.75,0.71,0.63,0.77,0.71,0.63,0.78,0.7,0.63,0.77,0.69,0.62,0.76,0.68,0.61,0.75,0.67,0.6,0.74,0.66,0.59,0.73,0.65,0.58,0.72,0.62,0.55,0.68,0.6,0.53,0.66,0.58,0.51,0.64,0.56,0.5,0.61,0.54,0.48,0.59,0.51,0.46,0.57,0.49,0.44,0.54,0.47,0.42,0.52,0.45,0.4,0.49,0.42,0.38,0.47,0.41,0.37,0.45,0.4,0.35,0.44,0.4,0.35,0.44,0.4,0.35,0.44,0.42,0.37,0.47,0.43,0.38,0.48
Maldives,... ,... , ...,... ,... , ...,... ,... , ...,... ,... , ...,... ,... , ...,... ,... , ...,... ,... , ...,... ,... , ...,... ,... , ...,... ,... , ...,... ,... , ...,... ,... , ...,... ,... , ...,... ,... , ...,... ,... , ...,... ,... , ...,... ,... , ...,... ,... , ...,... ,... , ...,... ,... , ...,... ,... , ...,... ,... , ...,... ,... , ...,... ,... , ...,... ,... , ...,... ,... , ...,... ,... , ...,... ,... , ...
Mali,1.93,1.44,2.81,2.02,1.53,2.75,2.11,1.66,2.72,2.12,1.71,2.68,2.04,1.68,2.49,2.01,1.71,2.39,1.93,1.64,2.24,1.83,1.59,2.14,1.71,1.47,2,1.62,1.36,1.91,1.51,1.24,1.8,1.45,1.17,1.73,1.4,1.12,1.68,1.34,1.07,1.61,1.28,1.04,1.55,1.26,1.02,1.54,1.22,0.99,1.47,1.2,0.98,1.45,1.17,0.94,1.41,1.11,0.88,1.34,1.07,0.84,1.31,1.05,0.82,1.31,1.02,0.79,1.28,1.02,0.77,1.27,1.02,0.75,1.27,0.99,0.72,1.23,0.95,0.69,1.19,0.92,0.66,1.16
Malta,... ,... , ...,... ,... , ...,... ,... , ...,... ,... , ...,... ,... , ...,... ,... , ...,... ,... , ...,... ,... , ...,... ,... , ...,... ,... , ...,... ,... , ...,... ,... , ...,... ,... , ...,... ,... , ...,... ,... , ...,... ,... , ...,... ,... , ...,... ,... , ...,... ,... , ...,... ,... , ...,... ,... , ...,... ,... , ...,... ,... , ...,... ,... , ...,... ,... , ...,... ,... , ...,... ,... , ...,... ,... , ...
Mauritania,0.73,0.42,1.07,0.81,0.51,1.13,0.89,0.61,1.2,0.95,0.68,1.25,1,0.74,1.29,1.04,0.8,1.32,1.09,0.86,1.36,1.14,0.92,1.39,1.14,0.92,1.37,1.18,0.96,1.42,1.13,0.93,1.36,1.06,0.86,1.28,0.97,0.76,1.19,0.87,0.67,1.07,0.75,0.57,0.94,0.63,0.48,0.82,0.51,0.38,0.67,0.4,0.28,0.56,0.28,0.18,0.42,0.21,0.12,0.35,0.18,0.1,0.3,0.17,0.09,0.29,0.15,0.08,0.27,0.14,0.07,0.26,0.12,0.06,0.24,0.11,0.05,0.22,0.1,0.05,0.2,0.09,0.04,0.19
Mauritius,... ,... , ...,... ,... , ...,... ,... , ...,... ,... , ...,... ,... , ...,... ,... , ...,... ,... , ...,... ,... , ...,... ,... , ...,... ,... , ...,... ,... , ...,... ,... , ...,... ,... , ...,... ,... , ...,... ,... , ...,... ,... , ...,... ,... , ...,... ,... , ...,... ,... , ...,... ,... , ...,... ,... , ...,... ,... , ...,... ,... , ...,... ,... , ...,... ,... , ...,... ,... , ...,... ,... , ...,... ,... , ...
Mexico,0.26,0.24,0.28,0.28,0.26,0.3,0.28,0.26,0.3,0.27,0.25,0.29,0.24,0.22,0.27,0.22,0.2,0.24,0.2,0.18,0.22,0.19,0.17,0.2,0.18,0.17,0.19,0.18,0.16,0.19,0.18,0.17,0.19,0.18,0.17,0.2,0.19,0.17,0.2,0.19,0.17,0.2,0.19,0.18,0.21,0.19,0.18,0.21,0.2,0.18,0.21,0.2,0.18,0.21,0.2,0.18,0.21,0.2,0.19,0.22,0.2,0.19,0.21,0.2,0.19,0.22,0.2,0.18,0.22,0.2,0.19,0.22,0.2,0.19,0.22,0.2,0.19,0.22,0.2,0.19,0.22,0.2,0.19,0.22
Mongolia,<0.01 ,<0.01 , <0.01,<0.01 ,<0.01 , <0.01,<0.01 ,<0.01 , <0.01,<0.01 ,<0.01 , <0.01,<0.01 ,<0.01 , <0.01,<0.01 ,<0.01 , <0.01,<0.01 ,<0.01 , <0.01,<0.01 ,<0.01 , <0.01,<0.01 ,<0.01 , <0.01,<0.01 ,<0.01 , <0.01,<0.01 ,<0.01 , <0.01,<0.01 ,<0.01 , <0.01,<0.01 ,<0.01 , <0.01,<0.01 ,<0.01 , <0.01,<0.01 ,<0.01 ,0.01,<0.01 ,0.01,0.02,<0.01 ,0.02,0.02,<0.01 ,0.02,0.03,<0.01 ,0.03,0.04,<0.01 ,0.03,0.05,<0.01 ,0.04,0.05,0.1,0.04,0.06,0.1,0.04,0.06,<0.01 ,0.04,0.05,<0.01 ,0.03,0.05,<0.01 ,0.02,0.04,<0.01 ,0.01,0.03,<0.01 ,0.01,0.03
Montenegro,<0.01 ,<0.01 , <0.01,<0.01 ,<0.01 , <0.01,<0.01 ,<0.01 , <0.01,<0.01 ,<0.01 ,0.01,0.01,<0.01 ,0.01,0.01,<0.01 ,0.01,0.01,0.01,0.01,0.01,0.01,0.02,0.01,0.01,0.02,0.02,0.01,0.02,0.02,0.02,0.02,0.02,0.02,0.02,0.02,0.02,0.02,0.02,0.02,0.03,0.03,0.02,0.03,0.03,0.02,0.03,0.03,0.03,0.03,0.03,0.03,0.04,0.04,0.03,0.04,0.04,0.03,0.04,0.04,0.04,0.05,0.05,0.04,0.05,0.05,0.05,0.06,0.06,0.05,0.06,0.06,0.05,0.07,0.07,0.06,0.08,0.07,0.06,0.09,0.08,0.07,0.09
Morocco,0.04,0.03,0.07,0.05,0.03,0.07,0.06,0.04,0.08,0.06,0.04,0.09,0.07,0.05,0.09,0.08,0.06,0.1,0.08,0.06,0.1,0.08,0.06,0.11,0.08,0.06,0.11,0.09,0.06,0.11,0.09,0.06,0.12,0.09,0.07,0.12,0.09,0.07,0.12,0.09,0.07,0.12,0.09,0.06,0.12,0.08,0.06,0.11,0.08,0.06,0.11,0.08,0.06,0.11,0.08,0.06,0.11,0.07,0.05,0.1,0.07,0.05,0.1,0.07,0.05,0.09,0.06,0.05,0.09,0.06,0.04,0.09,0.06,0.04,0.08,0.06,0.04,0.08,0.05,0.04,0.08,0.05,0.04,0.07
Mozambique,5.15,3.7,7.2,6.64,4.76,9.28,8.29,5.95,11.6,9.42,6.76,13.17,10.95,7.86,15.31,12.6,9.04,17.61,13.88,9.96,19.4,15.36,11.02,21.47,16.18,11.61,22.63,16.75,12.02,23.42,17.7,12.7,24.75,18.05,12.95,25.24,17.84,12.8,24.95,17.73,12.72,24.79,17.48,12.54,24.45,17,12.2,23.77,16.37,11.75,22.89,15.94,11.43,22.29,15.7,11.27,21.96,15.21,10.91,21.27,14.53,10.43,20.32,13.9,9.97,19.44,13.27,9.52,18.56,12.63,9.06,17.66,11.62,8.34,16.25,10.69,7.67,14.95,9.79,7.03,13.69,8.85,6.35,12.38
Myanmar,0.39,0.33,0.45,0.7,0.6,0.81,0.76,0.66,0.88,0.59,0.51,0.67,0.61,0.53,0.69,0.64,0.56,0.73,0.68,0.6,0.78,0.8,0.7,0.9,0.88,0.77,1,1.03,0.9,1.17,1.14,1,1.29,1.09,0.96,1.24,1.01,0.89,1.14,0.94,0.82,1.06,0.89,0.78,1,0.82,0.72,0.93,0.76,0.66,0.86,0.71,0.62,0.81,0.64,0.57,0.73,0.58,0.51,0.66,0.54,0.47,0.62,0.52,0.45,0.59,0.49,0.43,0.57,0.47,0.41,0.55,0.45,0.4,0.53,0.43,0.37,0.5,0.4,0.35,0.46,0.36,0.31,0.42
Namibia,7.88,6.72,9.13,10.86,9.48,12.32,14.17,12.54,15.83,17.66,15.85,19.61,20.83,18.82,23.01,23.23,21.02,25.57,24.41,22.16,27.07,24.04,21.79,26.65,23.1,20.75,25.72,21,18.78,23.37,18.79,16.66,20.75,16.61,14.58,18.17,14.54,12.71,15.74,12.9,11.32,13.91,11.86,10.64,12.7,10.85,9.96,11.52,10.28,9.51,10.88,9.4,8.74,9.95,8.9,7.84,9.39,8.92,7.16,9.48,9.06,7.06,9.7,8.38,6.54,9.02,8,6.26,8.66,7.83,6.15,8.53,7.08,5.58,7.79,6.75,5.29,7.46,6.34,4.99,7.05,6.03,4.77,6.77
Nepal,<0.01 ,<0.01 , <0.01,<0.01 ,<0.01 , <0.01,<0.01 ,<0.01 ,0.01,<0.01 ,0.02,0.03,<0.01 ,0.04,0.06,0.1,0.08,0.11,0.2,0.15,0.2,0.3,0.24,0.31,0.3,0.3,0.39,0.4,0.32,0.41,0.4,0.32,0.42,0.4,0.32,0.42,0.4,0.32,0.42,0.4,0.32,0.42,0.3,0.29,0.38,0.3,0.25,0.33,0.2,0.21,0.27,0.2,0.2,0.26,0.2,0.17,0.23,0.2,0.14,0.18,0.1,0.12,0.16,0.1,0.11,0.15,0.1,0.09,0.12,0.1,0.08,0.1,0.1,0.07,0.09,0.1,0.06,0.08,0.1,0.05,0.06,<0.01 ,0.04,0.05
Netherlands,0.05,0.04,0.06,0.04,0.04,0.05,0.05,0.04,0.05,0.06,0.05,0.07,0.08,0.07,0.09,0.09,0.08,0.11,0.1,0.09,0.12,0.11,0.1,0.13,0.12,0.11,0.14,0.12,0.11,0.14,0.12,0.11,0.15,0.12,0.11,0.15,0.12,0.11,0.15,0.13,0.11,0.16,0.13,0.11,0.16,0.13,0.11,0.16,0.13,0.11,0.17,0.13,0.11,0.16,0.13,0.11,0.16,0.12,0.11,0.16,0.12,0.1,0.15,0.11,0.1,0.15,0.11,0.09,0.14,0.1,0.09,0.13,0.09,0.08,0.12,0.08,0.07,0.1,0.06,0.05,0.08,0.06,0.05,0.08
New Zealand,... ,... , ...,... ,... , ...,... ,... , ...,... ,... , ...,... ,... , ...,... ,... , ...,... ,... , ...,... ,... , ...,... ,... , ...,... ,... , ...,... ,... , ...,... ,... , ...,... ,... , ...,... ,... , ...,... ,... , ...,... ,... , ...,... ,... , ...,... ,... , ...,... ,... , ...,... ,... , ...,... ,... , ...,... ,... , ...,... ,... , ...,... ,... , ...,... ,... , ...,... ,... , ...,... ,... , ...,... ,... , ...
Nicaragua,0.13,0.08,0.21,0.17,0.11,0.3,0.21,0.13,0.38,0.26,0.17,0.45,0.3,0.2,0.51,0.35,0.23,0.54,0.4,0.27,0.57,0.44,0.3,0.63,0.47,0.32,0.66,0.47,0.33,0.67,0.46,0.32,0.66,0.45,0.31,0.64,0.4,0.27,0.58,0.33,0.22,0.5,0.3,0.2,0.46,0.25,0.17,0.41,0.22,0.14,0.36,0.19,0.12,0.31,0.16,0.1,0.25,0.15,0.1,0.22,0.14,0.1,0.2,0.14,0.1,0.2,0.13,0.1,0.2,0.13,0.09,0.2,0.13,0.09,0.21,0.13,0.08,0.2,0.12,0.07,0.19,0.12,0.07,0.19
Niger,0.59,0.42,0.77,0.71,0.52,0.91,0.82,0.63,1.06,0.91,0.68,1.13,0.95,0.75,1.17,0.95,0.75,1.16,0.93,0.75,1.13,0.9,0.74,1.1,0.86,0.71,1.05,0.82,0.68,0.98,0.75,0.62,0.92,0.67,0.55,0.82,0.62,0.5,0.75,0.54,0.43,0.65,0.48,0.38,0.59,0.4,0.32,0.49,0.33,0.26,0.4,0.27,0.2,0.32,0.24,0.18,0.3,0.22,0.16,0.28,0.2,0.15,0.26,0.19,0.14,0.25,0.17,0.13,0.23,0.16,0.12,0.22,0.15,0.11,0.21,0.15,0.11,0.2,0.14,0.1,0.19,0.14,0.09,0.19
Nigeria,2.77,1.5,4.52,3.16,1.71,5.17,3.61,1.96,5.9,4.12,2.23,6.73,4.51,2.44,7.37,4.8,2.6,7.85,5.01,2.72,8.19,5.02,2.72,8.2,4.9,2.66,8.01,4.67,2.53,7.63,4.45,2.41,7.28,4.13,2.24,6.75,3.82,2.07,6.25,3.51,1.9,5.74,3.19,1.73,5.22,3.01,1.63,4.92,2.8,1.52,4.58,2.64,1.43,4.32,2.53,1.37,4.14,2.41,1.31,3.94,2.32,1.26,3.79,2.25,1.22,3.67,2.18,1.18,3.57,2.11,1.14,3.44,2.01,1.09,3.29,1.95,1.06,3.19,1.89,1.02,3.09,1.83,0.99,3
Norway,... ,... , ...,... ,... , ...,... ,... , ...,... ,... , ...,... ,... , ...,... ,... , ...,... ,... , ...,... ,... , ...,... ,... , ...,... ,... , ...,... ,... , ...,... ,... , ...,... ,... , ...,... ,... , ...,... ,... , ...,... ,... , ...,... ,... , ...,... ,... , ...,... ,... , ...,... ,... , ...,... ,... , ...,... ,... , ...,... ,... , ...,... ,... , ...,... ,... , ...,... ,... , ...,... ,... , ...,... ,... , ...
Oman,... ,... , ...,... ,... , ...,... ,... , ...,... ,... , ...,... ,... , ...,... ,... , ...,... ,... , ...,... ,... , ...,... ,... , ...,... ,... , ...,... ,... , ...,... ,... , ...,... ,... , ...,... ,... , ...,... ,... , ...,... ,... , ...,... ,... , ...,... ,... , ...,... ,... , ...,... ,... , ...,... ,... , ...,... ,... , ...,... ,... , ...,... ,... , ...,... ,... , ...,... ,... , ...,... ,... , ...,... ,... , ...
Pakistan,<0.01 ,<0.01 , <0.01,<0.01 ,<0.01 , <0.01,<0.01 ,<0.01 , <0.01,<0.01 ,<0.01 , <0.01,<0.01 ,<0.01 , <0.01,<0.01 ,<0.01 , <0.01,<0.01 ,<0.01 , <0.01,<0.01 ,<0.01 , <0.01,<0.01 ,<0.01 , <0.01,<0.01 ,<0.01 , <0.01,<0.01 ,<0.01 , <0.01,<0.01 ,<0.01 , <0.01,<0.01 ,<0.01 , <0.01,<0.01 ,<0.01 , <0.01,0.02,0.02,0.02,0.12,0.1,0.14,0.11,0.1,0.12,0.13,0.11,0.15,0.15,0.13,0.17,0.16,0.14,0.18,0.15,0.13,0.17,0.14,0.13,0.16,0.15,0.13,0.17,0.16,0.14,0.18,0.16,0.14,0.19,0.17,0.15,0.19,0.17,0.15,0.2,0.18,0.15,0.2
Panama,0.46,0.4,0.54,0.51,0.44,0.58,0.55,0.51,0.59,0.59,0.43,0.69,0.62,0.48,0.85,0.65,0.61,0.78,0.67,0.64,0.7,0.69,0.64,0.73,0.7,0.64,0.74,0.71,0.66,0.74,0.71,0.67,0.74,0.72,0.69,0.74,0.72,0.7,0.74,0.73,0.71,0.75,0.73,0.71,0.75,0.73,0.72,0.75,0.73,0.71,0.75,0.73,0.71,0.75,0.73,0.72,0.75,0.73,0.71,0.75,0.73,0.71,0.75,0.74,0.71,0.75,0.74,0.71,0.75,0.74,0.71,0.75,0.74,0.71,0.75,0.74,0.71,0.75,0.74,0.71,0.75,0.74,0.71,0.75
Papua New Guinea,0.1,0.08,0.26,0.2,0.12,0.4,0.3,0.21,0.55,0.5,0.31,0.72,0.6,0.44,0.91,0.8,0.59,1.1,1,0.73,1.27,1.1,0.91,1.41,1.3,1.04,1.51,1.3,1.1,1.56,1.3,1.11,1.55,1.3,1.08,1.53,1.2,1,1.4,1.1,0.92,1.28,0.9,0.78,1.12,0.8,0.68,0.96,0.8,0.64,0.88,0.7,0.59,0.79,0.6,0.55,0.74,0.6,0.54,0.71,0.6,0.53,0.7,0.6,0.53,0.7,0.6,0.53,0.71,0.6,0.53,0.72,0.6,0.52,0.73,0.6,0.51,0.72,0.6,0.49,0.71,0.6,0.47,0.69
Paraguay,0.17,0.06,0.71,0.17,0.08,0.78,0.19,0.09,0.83,0.22,0.11,1.01,0.27,0.12,1.17,0.31,0.13,1.18,0.36,0.14,1.18,0.34,0.13,0.94,0.35,0.14,0.84,0.42,0.18,1.03,0.44,0.2,0.95,0.45,0.22,0.89,0.5,0.26,0.94,0.49,0.28,0.93,0.52,0.32,0.96,0.51,0.33,0.89,0.46,0.3,0.76,0.43,0.29,0.73,0.38,0.25,0.67,0.4,0.27,0.74,0.41,0.26,0.8,0.4,0.24,0.85,0.41,0.23,0.88,0.4,0.22,0.91,0.4,0.21,1.01,0.39,0.19,1.08,0.38,0.18,1.14,0.36,0.16,1.24
Peru,0.66,0.4,1.02,0.72,0.46,1.17,0.68,0.45,1.08,0.59,0.38,0.95,0.51,0.35,0.85,0.43,0.31,0.75,0.41,0.31,0.65,0.42,0.32,0.62,0.41,0.31,0.55,0.4,0.3,0.52,0.4,0.3,0.51,0.4,0.29,0.5,0.38,0.29,0.49,0.36,0.28,0.46,0.33,0.25,0.43,0.3,0.24,0.4,0.29,0.23,0.4,0.25,0.19,0.36,0.22,0.16,0.33,0.21,0.15,0.32,0.2,0.13,0.31,0.19,0.12,0.3,0.18,0.12,0.31,0.18,0.12,0.3,0.17,0.11,0.3,0.17,0.11,0.3,0.16,0.1,0.32,0.16,0.1,0.31
Philippines,<0.01 ,<0.01 , <0.01,<0.01 ,<0.01 , <0.01,<0.01 ,<0.01 , <0.01,<0.01 ,<0.01 , <0.01,<0.01 ,<0.01 , <0.01,<0.01 ,<0.01 , <0.01,<0.01 ,<0.01 , <0.01,<0.01 ,<0.01 , <0.01,<0.01 ,<0.01 , <0.01,<0.01 ,<0.01 , <0.01,<0.01 ,<0.01 , <0.01,<0.01 ,<0.01 ,0.01,<0.01 ,<0.01 ,0.01,<0.01 ,0.01,0.02,<0.01 ,0.02,0.02,<0.01 ,0.02,0.02,<0.01 ,0.02,0.03,<0.01 ,0.03,0.04,<0.01 ,0.04,0.05,0.1,0.06,0.09,0.1,0.08,0.11,0.1,0.08,0.11,0.1,0.09,0.13,0.1,0.11,0.15,0.2,0.13,0.19,0.2,0.15,0.21,0.2,0.17,0.24,0.2,0.19,0.26
Poland,... ,... , ...,... ,... , ...,... ,... , ...,... ,... , ...,... ,... , ...,... ,... , ...,... ,... , ...,... ,... , ...,... ,... , ...,... ,... , ...,... ,... , ...,... ,... , ...,... ,... , ...,... ,... , ...,... ,... , ...,... ,... , ...,... ,... , ...,... ,... , ...,... ,... , ...,... ,... , ...,... ,... , ...,... ,... , ...,... ,... , ...,... ,... , ...,... ,... , ...,... ,... , ...,... ,... , ...,... ,... , ...
Portugal,0.41,0.4,0.42,0.48,0.46,0.49,0.54,0.51,0.55,0.58,0.56,0.59,0.61,0.59,0.61,0.61,0.59,0.61,0.58,0.57,0.59,0.55,0.52,0.57,0.52,0.46,0.54,0.5,0.4,0.52,0.47,0.35,0.49,0.44,0.3,0.47,0.42,0.26,0.45,0.39,0.23,0.42,0.37,0.2,0.4,0.35,0.18,0.38,0.32,0.16,0.35,0.3,0.15,0.33,0.28,0.15,0.3,0.26,0.15,0.28,0.25,0.16,0.26,0.23,0.17,0.25,0.21,0.19,0.24,0.2,0.17,0.24,0.19,0.15,0.25,0.17,0.13,0.28,0.16,0.11,0.32,0.15,0.09,0.35
Qatar,0.04,0.04,0.04,0.04,0.04,0.04,0.04,0.04,0.04,0.04,0.04,0.04,0.04,0.04,0.04,0.05,0.04,0.05,0.05,0.05,0.05,0.05,0.05,0.05,0.05,0.05,0.05,0.05,0.05,0.06,0.06,0.06,0.06,0.06,0.06,0.06,0.06,0.06,0.06,0.06,0.06,0.07,0.07,0.07,0.07,0.07,0.07,0.07,0.07,0.07,0.08,0.08,0.07,0.08,0.08,0.08,0.08,0.08,0.08,0.09,0.09,0.08,0.09,0.09,0.09,0.09,0.09,0.09,0.1,0.1,0.09,0.11,0.1,0.1,0.11,0.11,0.1,0.12,0.11,0.1,0.12,0.12,0.11,0.13
Republic of Korea,... ,... , ...,... ,... , ...,... ,... , ...,... ,... , ...,... ,... , ...,... ,... , ...,... ,... , ...,... ,... , ...,... ,... , ...,... ,... , ...,... ,... , ...,... ,... , ...,... ,... , ...,... ,... , ...,... ,... , ...,... ,... , ...,... ,... , ...,... ,... , ...,... ,... , ...,... ,... , ...,... ,... , ...,... ,... , ...,... ,... , ...,... ,... , ...,... ,... , ...,... ,... , ...,... ,... , ...,... ,... , ...
Republic of Moldova,0.05,0.03,0.08,0.06,0.03,0.09,0.06,0.04,0.1,0.07,0.04,0.11,0.05,0.03,0.08,0.06,0.03,0.1,0.1,0.05,0.15,0.32,0.18,0.5,0.29,0.16,0.46,0.13,0.08,0.21,0.15,0.09,0.24,0.18,0.1,0.29,0.22,0.13,0.36,0.28,0.16,0.45,0.36,0.2,0.57,0.44,0.25,0.7,0.51,0.29,0.81,0.56,0.32,0.89,0.55,0.32,0.88,0.54,0.31,0.86,0.51,0.29,0.81,0.49,0.28,0.79,0.48,0.28,0.77,0.48,0.28,0.77,0.49,0.28,0.79,0.51,0.29,0.82,0.53,0.3,0.85,0.56,0.32,0.89
Romania,0.02,0.02,0.02,0.02,0.02,0.03,0.02,0.02,0.03,0.02,0.02,0.03,0.03,0.03,0.04,0.03,0.03,0.04,0.03,0.03,0.04,0.04,0.04,0.05,0.04,0.04,0.05,0.04,0.04,0.06,0.05,0.05,0.06,0.05,0.05,0.06,0.05,0.05,0.06,0.05,0.05,0.06,0.06,0.05,0.06,0.06,0.05,0.07,0.06,0.05,0.07,0.06,0.06,0.07,0.07,0.06,0.07,0.07,0.06,0.07,0.07,0.06,0.08,0.07,0.06,0.08,0.07,0.06,0.08,0.07,0.06,0.08,0.08,0.07,0.09,0.07,0.07,0.12,0.07,0.07,0.19,0.07,0.07,0.28
Russian Federation,<0.01 ,<0.01 , <0.01,<0.01 ,<0.01 , <0.01,<0.01 ,<0.01 , <0.01,<0.01 ,<0.01 , <0.01,0.02,0.02,0.02,0.06,0.05,0.07,0.11,0.1,0.13,0.16,0.14,0.19,0.22,0.18,0.25,0.27,0.23,0.31,0.32,0.27,0.37,0.37,0.32,0.43,0.43,0.36,0.49,0.48,0.41,0.55,0.54,0.45,0.62,0.59,0.5,0.68,0.65,0.55,0.75,0.71,0.6,0.81,0.76,0.65,0.88,0.82,0.7,0.95,0.88,0.75,1.01,0.96,0.81,1.11,1.02,0.87,1.18,1.08,0.92,1.25,1.14,0.97,1.32,1.2,1.02,1.39,1.26,1.07,1.46,1.3,1.1,1.5
Rwanda,9.3,6.31,13.43,9.72,6.94,13.37,8.96,6.62,11.65,7.99,6.14,10.35,7.26,5.81,9.3,6.44,5.3,8.17,6.09,5,7.35,5.49,4.63,6.53,4.92,4.05,5.85,4.41,3.61,5.24,3.99,3.23,4.73,3.1,2.46,3.64,2.89,2.3,3.38,2.65,2.11,3.08,2.39,1.93,2.76,2.26,1.87,2.58,1.92,1.62,2.2,1.8,1.54,2.07,1.83,1.56,2.09,1.72,1.43,1.99,1.47,1.19,1.73,1.44,1.16,1.71,1.4,1.13,1.64,1.32,1.08,1.58,1.26,1.02,1.52,1.18,0.93,1.43,1.12,0.88,1.39,1.06,0.81,1.32
Saudi Arabia,... ,... , ...,... ,... , ...,... ,... , ...,... ,... , ...,... ,... , ...,... ,... , ...,... ,... , ...,... ,... , ...,... ,... , ...,... ,... , ...,... ,... , ...,... ,... , ...,... ,... , ...,... ,... , ...,... ,... , ...,... ,... , ...,... ,... , ...,... ,... , ...,... ,... , ...,... ,... , ...,... ,... , ...,... ,... , ...,... ,... , ...,... ,... , ...,... ,... , ...,... ,... , ...,... ,... , ...,... ,... , ...
Senegal,0.44,0.32,0.6,0.52,0.38,0.69,0.6,0.46,0.8,0.7,0.54,0.91,0.78,0.61,0.97,0.87,0.7,1.07,0.95,0.77,1.14,1,0.83,1.18,1.04,0.86,1.22,1.05,0.89,1.23,1.03,0.87,1.21,0.99,0.84,1.17,0.93,0.79,1.12,0.86,0.72,1.03,0.75,0.62,0.91,0.65,0.52,0.79,0.55,0.43,0.67,0.47,0.38,0.57,0.36,0.27,0.44,0.27,0.19,0.34,0.22,0.15,0.29,0.19,0.12,0.25,0.17,0.1,0.23,0.15,0.09,0.22,0.14,0.08,0.22,0.14,0.07,0.21,0.14,0.08,0.21,0.14,0.08,0.22
Serbia,0.04,0.03,0.04,0.03,0.03,0.04,0.03,0.02,0.03,0.02,0.01,0.03,0.02,<0.01 ,0.02,0.01,<0.01 ,0.02,<0.01 ,<0.01 ,0.02,<0.01 ,<0.01 ,0.01,<0.01 ,<0.01 ,0.01,<0.01 ,<0.01 ,0.01,<0.01 ,<0.01 ,0.01,0.01,<0.01 ,0.02,0.01,<0.01 ,0.02,0.02,0.01,0.02,0.02,0.01,0.03,0.02,0.02,0.03,0.03,0.02,0.03,0.03,0.02,0.04,0.03,0.03,0.04,0.04,0.03,0.05,0.04,0.03,0.05,0.04,0.03,0.05,0.04,0.03,0.05,0.04,0.03,0.06,0.04,0.03,0.06,0.04,0.03,0.06,0.04,0.02,0.06,0.04,0.01,0.06
Sierra Leone,0.35,0.21,0.63,0.45,0.28,0.76,0.57,0.36,0.9,0.69,0.46,1.03,0.87,0.62,1.24,1.02,0.74,1.4,1.21,0.88,1.61,1.42,1.06,1.83,1.62,1.28,2.01,1.8,1.48,2.22,1.98,1.66,2.38,2.12,1.8,2.51,2.23,1.92,2.63,2.24,1.94,2.64,2.21,1.89,2.61,2.09,1.76,2.44,1.94,1.66,2.27,1.67,1.43,1.98,1.5,1.26,1.77,1.31,1.09,1.55,1.16,0.92,1.39,1.04,0.81,1.29,0.96,0.69,1.24,0.92,0.65,1.22,0.88,0.61,1.21,0.84,0.55,1.19,0.78,0.49,1.15,0.71,0.44,1.07
Singapore,0.08,0.07,0.08,0.1,0.09,0.11,0.13,0.12,0.14,0.15,0.14,0.17,0.17,0.17,0.17,0.18,0.17,0.18,0.18,0.18,0.19,0.19,0.18,0.19,0.18,0.18,0.19,0.18,0.17,0.18,0.17,0.17,0.18,0.17,0.17,0.17,0.17,0.16,0.17,0.17,0.17,0.17,0.17,0.17,0.17,0.17,0.17,0.17,0.17,0.17,0.17,0.17,0.17,0.17,0.18,0.17,0.18,0.18,0.17,0.18,0.17,0.17,0.17,0.17,0.16,0.17,0.16,0.16,0.16,0.15,0.15,0.16,0.14,0.14,0.15,0.13,0.13,0.14,0.13,0.13,0.13,0.13,0.12,0.13
Slovakia,<0.01 ,<0.01 , <0.01,<0.01 ,<0.01 , <0.01,<0.01 ,<0.01 , <0.01,<0.01 ,<0.01 , <0.01,<0.01 ,<0.01 , <0.01,<0.01 ,<0.01 , <0.01,<0.01 ,<0.01 , <0.01,<0.01 ,<0.01 , <0.01,<0.01 ,<0.01 , <0.01,<0.01 ,<0.01 , <0.01,<0.01 ,<0.01 , <0.01,<0.01 ,<0.01 , <0.01,<0.01 ,<0.01 ,0.01,<0.01 ,<0.01 ,0.01,<0.01 ,<0.01 ,0.01,<0.01 ,<0.01 ,0.02,<0.01 ,<0.01 ,0.02,0.01,<0.01 ,0.02,0.01,0.01,0.02,0.01,0.01,0.03,0.02,0.01,0.03,0.02,0.02,0.03,0.02,0.02,0.04,0.02,0.02,0.04,0.03,0.02,0.05,0.03,0.03,0.05,0.03,0.03,0.06,0.04,0.03,0.07
Slovenia,0.01,0.01,0.02,0.01,<0.01 ,0.02,<0.01 ,<0.01 ,0.01,<0.01 ,<0.01 ,0.01,<0.01 ,<0.01 ,0.01,<0.01 ,<0.01 ,0.01,0.01,<0.01 ,0.02,0.01,<0.01 ,0.02,0.02,0.01,0.02,0.02,0.02,0.03,0.03,0.02,0.03,0.03,0.02,0.04,0.04,0.03,0.05,0.04,0.03,0.05,0.04,0.03,0.05,0.05,0.04,0.06,0.05,0.04,0.06,0.05,0.04,0.07,0.05,0.04,0.07,0.05,0.04,0.07,0.05,0.04,0.07,0.06,0.04,0.08,0.06,0.04,0.08,0.06,0.04,0.08,0.06,0.04,0.09,0.06,0.03,0.11,0.07,0.02,0.13,0.07,0.02,0.13
Somalia,0.19,0.18,0.21,0.25,0.23,0.27,0.3,0.28,0.33,0.36,0.33,0.38,0.41,0.38,0.45,0.46,0.43,0.5,0.52,0.48,0.55,0.54,0.5,0.58,0.55,0.5,0.58,0.55,0.51,0.58,0.53,0.49,0.55,0.48,0.44,0.5,0.41,0.38,0.43,0.35,0.33,0.36,0.3,0.29,0.31,0.25,0.24,0.25,0.19,0.18,0.19,0.14,0.13,0.14,0.1,0.1,0.11,0.08,0.07,0.08,0.06,0.05,0.06,0.05,0.04,0.05,0.04,0.04,0.04,0.04,0.04,0.04,0.04,0.04,0.04,0.04,0.04,0.04,0.04,0.04,0.04,0.04,0.04,0.05
South Africa,3.13,2.77,3.49,5.2,4.67,5.75,8.14,7.4,8.95,11.86,10.9,12.89,15.86,14.75,17.02,19.39,18.18,20.64,21.85,20.59,23.11,23.02,21.88,24.16,23.18,22.21,24.2,22.66,21.75,23.56,21.8,20.84,22.63,20.88,19.97,21.75,20.15,19.27,21,19.64,18.76,20.54,19.23,18.36,20.1,18.71,17.87,19.52,18.04,17.27,18.87,17.37,16.56,18.15,16.74,15.92,17.54,15.92,15.11,16.74,14.61,13.83,15.37,13.26,12.51,13.98,12.36,11.63,13.07,11.86,11.09,12.59,11.41,10.63,12.14,10.8,10.05,11.57,10.2,9.38,11,9.59,8.76,10.46
South Sudan,0.68,0.2,1.71,0.98,0.32,2.23,1.34,0.46,2.68,1.73,0.68,3.26,2.11,0.94,3.7,2.61,1.27,4.24,3.11,1.62,4.77,3.58,2.02,5.35,3.99,2.43,5.71,4.08,2.61,5.66,4.22,2.8,5.76,4.21,2.86,5.59,4.03,2.8,5.26,3.91,2.85,5.12,3.69,2.75,4.83,3.54,2.74,4.67,3.28,2.51,4.26,3.04,2.37,3.98,2.99,2.24,3.88,2.82,2.03,3.81,2.66,1.78,3.73,2.55,1.74,3.67,2.44,1.57,3.64,2.35,1.41,3.66,2.25,1.38,3.64,2.15,1.28,3.61,2.06,1.16,3.64,2.01,1.06,3.75
Spain,0.54,0.49,0.58,0.49,0.45,0.52,0.43,0.39,0.46,0.38,0.35,0.4,0.33,0.3,0.36,0.3,0.27,0.32,0.27,0.25,0.29,0.25,0.23,0.27,0.23,0.21,0.25,0.22,0.2,0.23,0.21,0.19,0.22,0.2,0.19,0.22,0.2,0.18,0.21,0.19,0.18,0.21,0.19,0.18,0.21,0.19,0.18,0.21,0.19,0.17,0.2,0.19,0.17,0.2,0.19,0.17,0.2,0.19,0.17,0.2,0.19,0.17,0.2,0.18,0.17,0.2,0.18,0.17,0.2,0.18,0.17,0.2,0.18,0.17,0.2,0.18,0.17,0.2,0.18,0.17,0.2,0.18,0.17,0.2
Sri Lanka,<0.01 ,<0.01 , <0.01,<0.01 ,<0.01 , <0.01,0.01,<0.01 ,0.01,0.02,0.01,0.02,0.02,0.02,0.03,0.03,0.03,0.04,0.04,0.03,0.05,0.05,0.04,0.05,0.05,0.04,0.06,0.05,0.04,0.06,0.05,0.04,0.06,0.04,0.04,0.05,0.04,0.04,0.05,0.04,0.03,0.05,0.04,0.03,0.04,0.03,0.03,0.04,0.03,0.03,0.04,0.03,0.02,0.03,0.03,0.02,0.03,0.02,0.02,0.03,0.02,0.02,0.03,0.02,0.02,0.02,0.02,0.02,0.02,0.02,0.01,0.02,0.02,0.01,0.02,0.02,0.01,0.02,0.02,0.01,0.02,0.02,0.01,0.02
Sudan,0.06,0.02,0.32,0.08,0.02,0.37,0.09,0.03,0.39,0.11,0.04,0.37,0.12,0.04,0.36,0.13,0.05,0.35,0.14,0.06,0.35,0.15,0.07,0.32,0.18,0.09,0.34,0.2,0.12,0.34,0.21,0.14,0.34,0.24,0.16,0.35,0.25,0.18,0.35,0.27,0.21,0.37,0.26,0.21,0.35,0.26,0.2,0.34,0.23,0.18,0.3,0.23,0.16,0.3,0.23,0.16,0.32,0.24,0.15,0.35,0.25,0.15,0.38,0.24,0.13,0.39,0.23,0.12,0.39,0.23,0.1,0.4,0.22,0.09,0.41,0.22,0.08,0.42,0.22,0.07,0.44,0.22,0.07,0.45
Suriname,0.38,0.1,1.07,0.5,0.16,1.36,0.6,0.22,1.43,0.74,0.33,1.39,1,0.53,1.61,1.22,0.68,1.76,1.53,0.96,2.07,1.83,1.24,2.32,1.98,1.53,2.41,1.99,1.67,2.4,1.93,1.58,2.32,1.72,1.37,2.14,1.44,1.12,1.86,1.1,0.82,1.46,0.84,0.63,1.19,0.68,0.52,1.04,0.64,0.52,1.02,0.64,0.54,1.04,0.67,0.57,1.06,0.74,0.61,1.11,0.81,0.68,1.19,0.89,0.75,1.31,0.97,0.81,1.38,1.03,0.86,1.44,1.08,0.9,1.47,1.08,0.89,1.45,1.05,0.82,1.43,1,0.77,1.38
Swaziland,10.01,8.49,11.6,17.62,15.07,20.15,27.3,23.69,31.22,37.96,33.69,43.1,47.22,42.68,52.75,52.64,48,58.07,53.75,48.97,59.05,51.14,46.54,56.43,46.57,41.89,51.78,40.79,36.25,45.37,35.61,31.08,39.78,31.68,26.88,34.91,29.15,24.43,31.9,28.08,23.69,30.01,27.79,24.21,29.3,29.09,26.26,30.22,30.41,28.63,31.43,31.29,29.99,32.29,31.46,29.9,32.56,31.27,29.53,32.63,30.93,28.9,32.46,28.65,26.77,30.16,27.12,25.18,28.85,25.17,23.19,26.88,22.68,20.73,24.46,19.3,17.56,21.21,16.23,14.51,18.13,13.5,11.88,15.36
Sweden,... ,... , ...,... ,... , ...,... ,... , ...,... ,... , ...,... ,... , ...,... ,... , ...,... ,... , ...,... ,... , ...,... ,... , ...,... ,... , ...,... ,... , ...,... ,... , ...,... ,... , ...,... ,... , ...,... ,... , ...,... ,... , ...,... ,... , ...,... ,... , ...,... ,... , ...,... ,... , ...,... ,... , ...,... ,... , ...,... ,... , ...,... ,... , ...,... ,... , ...,... ,... , ...,... ,... , ...,... ,... , ...
Switzerland,... ,... , ...,... ,... , ...,... ,... , ...,... ,... , ...,... ,... , ...,... ,... , ...,... ,... , ...,... ,... , ...,... ,... , ...,... ,... , ...,... ,... , ...,... ,... , ...,... ,... , ...,... ,... , ...,... ,... , ...,... ,... , ...,... ,... , ...,... ,... , ...,... ,... , ...,... ,... , ...,... ,... , ...,... ,... , ...,... ,... , ...,... ,... , ...,... ,... , ...,... ,... , ...,... ,... , ...,... ,... , ...
Syrian Arab Republic,... ,... , ...,... ,... , ...,... ,... , ...,... ,... , ...,... ,... , ...,... ,... , ...,... ,... , ...,... ,... , ...,... ,... , ...,... ,... , ...,... ,... , ...,... ,... , ...,... ,... , ...,... ,... , ...,... ,... , ...,... ,... , ...,... ,... , ...,... ,... , ...,... ,... , ...,... ,... , ...,... ,... , ...,... ,... , ...,... ,... , ...,... ,... , ...,... ,... , ...,... ,... , ...,... ,... , ...,... ,... , ...
Tajikistan,<0.01 ,<0.01 , <0.01,<0.01 ,<0.01 , <0.01,<0.01 ,<0.01 , <0.01,<0.01 ,<0.01 , <0.01,<0.01 ,<0.01 , <0.01,0.01,<0.01 ,0.03,0.02,0.01,0.03,0.04,0.02,0.06,0.07,0.04,0.1,0.11,0.07,0.15,0.16,0.11,0.21,0.2,0.15,0.27,0.25,0.19,0.33,0.29,0.23,0.37,0.32,0.24,0.39,0.34,0.26,0.41,0.35,0.28,0.42,0.34,0.27,0.42,0.33,0.26,0.41,0.31,0.24,0.4,0.3,0.23,0.39,0.28,0.21,0.37,0.27,0.19,0.37,0.26,0.18,0.38,0.25,0.17,0.38,0.25,0.17,0.4,0.25,0.16,0.42,0.25,0.15,0.45
Thailand,... ,... , ...,... ,... , ...,... ,... , ...,... ,... , ...,... ,... , ...,... ,... , ...,... ,... , ...,... ,... , ...,... ,... , ...,... ,... , ...,... ,... , ...,... ,... , ...,... ,... , ...,... ,... , ...,... ,... , ...,... ,... , ...,... ,... , ...,... ,... , ...,... ,... , ...,... ,... , ...,... ,... , ...,... ,... , ...,... ,... , ...,... ,... , ...,... ,... , ...,... ,... , ...,... ,... , ...,... ,... , ...
The former Yugoslav Republic of Macedonia,<0.01 ,<0.01 , <0.01,<0.01 ,<0.01 , <0.01,<0.01 ,<0.01 , <0.01,<0.01 ,<0.01 , <0.01,<0.01 ,<0.01 , <0.01,<0.01 ,<0.01 , <0.01,<0.01 ,<0.01 , <0.01,<0.01 ,<0.01 , <0.01,<0.01 ,<0.01 , <0.01,<0.01 ,<0.01 , <0.01,<0.01 ,<0.01 , <0.01,<0.01 ,<0.01 , <0.01,<0.01 ,<0.01 ,0.01,0.01,<0.01 ,0.01,0.01,0.01,0.01,0.01,0.01,0.01,0.01,0.01,0.02,0.02,0.01,0.02,0.02,0.02,0.02,0.02,0.02,0.02,0.02,0.02,0.02,0.02,0.02,0.03,0.03,0.02,0.03,0.03,0.02,0.03,0.03,0.03,0.04,0.03,0.03,0.04,0.04,0.03,0.05,0.04,0.04,0.05
Timor-Leste,... ,... , ...,... ,... , ...,... ,... , ...,... ,... , ...,... ,... , ...,... ,... , ...,... ,... , ...,... ,... , ...,... ,... , ...,... ,... , ...,... ,... , ...,... ,... , ...,... ,... , ...,... ,... , ...,... ,... , ...,... ,... , ...,... ,... , ...,... ,... , ...,... ,... , ...,... ,... , ...,... ,... , ...,... ,... , ...,... ,... , ...,... ,... , ...,... ,... , ...,... ,... , ...,... ,... , ...,... ,... , ...
Togo,2.92,1.1,5.04,3.38,1.27,5.84,3.89,1.47,6.72,4.37,1.65,7.56,4.73,1.78,8.17,5.06,1.91,8.75,5.24,1.98,9.06,5.26,1.99,9.1,5.16,1.95,8.92,5.01,1.89,8.67,4.77,1.8,8.25,4.5,1.7,7.78,4.12,1.56,7.12,3.72,1.41,6.44,3.29,1.24,5.68,2.9,1.09,5.01,2.55,0.96,4.41,2.22,0.84,3.83,1.94,0.73,3.36,1.69,0.64,2.92,1.5,0.57,2.6,1.33,0.5,2.3,1.22,0.46,2.11,1.16,0.44,2,1.12,0.42,1.93,1.08,0.41,1.86,1.04,0.39,1.8,0.99,0.37,1.72
Trinidad and Tobago,0.78,0.58,0.97,0.87,0.67,1.06,0.98,0.8,1.17,1.06,0.89,1.24,1.13,0.99,1.29,1.18,1.05,1.33,1.23,1.09,1.37,1.25,1.11,1.36,1.24,1.11,1.35,1.24,1.1,1.33,1.21,1.08,1.3,1.18,1.06,1.27,1.14,1.03,1.23,1.1,1.02,1.18,1.04,0.96,1.11,0.97,0.91,1.04,0.92,0.86,0.98,0.86,0.8,0.91,0.8,0.74,0.84,0.75,0.69,0.8,0.65,0.59,0.71,0.59,0.53,0.65,0.53,0.47,0.6,0.5,0.43,0.57,0.47,0.39,0.54,0.45,0.37,0.52,0.43,0.34,0.51,0.42,0.33,0.51
Tunisia,<0.01 ,<0.01 , <0.01,<0.01 ,<0.01 , <0.01,<0.01 ,<0.01 , <0.01,<0.01 ,<0.01 , <0.01,<0.01 ,<0.01 , <0.01,<0.01 ,<0.01 , <0.01,<0.01 ,<0.01 ,0.01,<0.01 ,<0.01 ,0.01,<0.01 ,<0.01 ,0.01,<0.01 ,<0.01 ,0.02,<0.01 ,<0.01 ,0.02,0.01,<0.01 ,0.02,0.01,<0.01 ,0.03,0.02,0.01,0.03,0.02,0.02,0.04,0.03,0.02,0.04,0.03,0.02,0.05,0.04,0.03,0.05,0.04,0.03,0.06,0.04,0.03,0.06,0.04,0.03,0.06,0.04,0.03,0.06,0.04,0.03,0.06,0.04,0.03,0.06,0.04,0.03,0.06,0.04,0.03,0.07,0.04,0.03,0.07,0.05,0.03,0.07
Turkey,... ,... , ...,... ,... , ...,... ,... , ...,... ,... , ...,... ,... , ...,... ,... , ...,... ,... , ...,... ,... , ...,... ,... , ...,... ,... , ...,... ,... , ...,... ,... , ...,... ,... , ...,... ,... , ...,... ,... , ...,... ,... , ...,... ,... , ...,... ,... , ...,... ,... , ...,... ,... , ...,... ,... , ...,... ,... , ...,... ,... , ...,... ,... , ...,... ,... , ...,... ,... , ...,... ,... , ...,... ,... , ...
Turkmenistan,... ,... , ...,... ,... , ...,... ,... , ...,... ,... , ...,... ,... , ...,... ,... , ...,... ,... , ...,... ,... , ...,... ,... , ...,... ,... , ...,... ,... , ...,... ,... , ...,... ,... , ...,... ,... , ...,... ,... , ...,... ,... , ...,... ,... , ...,... ,... , ...,... ,... , ...,... ,... , ...,... ,... , ...,... ,... , ...,... ,... , ...,... ,... , ...,... ,... , ...,... ,... , ...,... ,... , ...,... ,... , ...
Uganda,11.95,10.2,14.44,9.72,7.99,12,8.1,6.52,10.14,7.97,6.36,10.14,7.17,5.74,9.09,6.57,5.34,8.21,6.18,5.12,7.69,5.86,4.89,7.13,5.64,4.78,6.73,5.78,4.98,6.78,5.78,4.99,6.71,6.03,5.24,6.94,6.36,5.54,7.24,6.97,6.1,7.89,7.18,6.32,8.05,7.33,6.56,8.21,7.32,6.58,8.22,7.28,6.48,8.22,7.23,6.46,8.17,7.14,6.38,8.1,6.56,5.8,7.47,6.19,5.42,6.98,5.68,4.99,6.46,4.95,4.31,5.68,4.16,3.54,4.81,3.46,2.88,4.02,2.97,2.46,3.46,2.52,2.02,2.96
Ukraine,0.04,0.03,0.1,0.1,0.07,0.32,0.21,0.13,0.53,0.45,0.27,0.68,0.77,0.55,1.02,1.06,0.86,1.31,1.22,1.05,1.45,1.36,1.2,1.56,1.38,1.24,1.56,1.38,1.24,1.54,1.1,1.03,1.26,1.12,1,1.28,1.07,0.95,1.22,0.99,0.88,1.15,0.9,0.79,1.06,0.82,0.7,0.97,0.75,0.64,0.88,0.69,0.58,0.81,0.65,0.54,0.77,0.63,0.51,0.73,0.61,0.51,0.71,0.6,0.49,0.69,0.59,0.49,0.68,0.58,0.48,0.67,0.57,0.47,0.67,0.57,0.47,0.66,0.57,0.46,0.66,0.55,0.45,0.65
United Arab Emirates,... ,... , ...,... ,... , ...,... ,... , ...,... ,... , ...,... ,... , ...,... ,... , ...,... ,... , ...,... ,... , ...,... ,... , ...,... ,... , ...,... ,... , ...,... ,... , ...,... ,... , ...,... ,... , ...,... ,... , ...,... ,... , ...,... ,... , ...,... ,... , ...,... ,... , ...,... ,... , ...,... ,... , ...,... ,... , ...,... ,... , ...,... ,... , ...,... ,... , ...,... ,... , ...,... ,... , ...,... ,... , ...
United Kingdom,... ,... , ...,... ,... , ...,... ,... , ...,... ,... , ...,... ,... , ...,... ,... , ...,... ,... , ...,... ,... , ...,... ,... , ...,... ,... , ...,... ,... , ...,... ,... , ...,... ,... , ...,... ,... , ...,... ,... , ...,... ,... , ...,... ,... , ...,... ,... , ...,... ,... , ...,... ,... , ...,... ,... , ...,... ,... , ...,... ,... , ...,... ,... , ...,... ,... , ...,... ,... , ...,... ,... , ...,... ,... , ...
United Republic of Tanzania,11.97,10.32,13.97,12.66,11.05,14.59,13.16,11.52,15.04,12.84,11.33,14.63,12.37,10.99,13.97,11.54,10.25,12.87,10.62,9.34,11.77,9.61,8.45,10.57,8.53,7.5,9.27,7.4,6.55,8.05,6.7,5.95,7.28,5.95,5.35,6.46,5.45,4.87,5.88,5.22,4.71,5.63,4.84,4.42,5.24,4.51,4.17,4.88,4.38,4.09,4.71,4.31,4.04,4.61,4.09,3.83,4.37,3.82,3.56,4.08,3.61,3.33,3.88,3.52,3.25,3.79,3.37,3.09,3.64,3.09,2.83,3.38,2.87,2.63,3.14,2.6,2.38,2.88,2.39,2.18,2.68,2.21,2,2.49
United States,... ,... , ...,... ,... , ...,... ,... , ...,... ,... , ...,... ,... , ...,... ,... , ...,... ,... , ...,... ,... , ...,... ,... , ...,... ,... , ...,... ,... , ...,... ,... , ...,... ,... , ...,... ,... , ...,... ,... , ...,... ,... , ...,... ,... , ...,... ,... , ...,... ,... , ...,... ,... , ...,... ,... , ...,... ,... , ...,... ,... , ...,... ,... , ...,... ,... , ...,... ,... , ...,... ,... , ...,... ,... , ...
Uruguay,0.23,0.06,0.89,0.29,0.1,1.04,0.35,0.16,1.09,0.41,0.21,1.06,0.48,0.29,1.31,0.56,0.37,1.31,0.63,0.46,1.37,0.51,0.39,0.97,0.52,0.42,0.86,0.52,0.43,0.77,0.5,0.41,0.65,0.46,0.39,0.59,0.4,0.34,0.53,0.38,0.33,0.52,0.38,0.33,0.51,0.39,0.32,0.5,0.41,0.32,0.49,0.43,0.33,0.5,0.43,0.33,0.49,0.44,0.34,0.5,0.45,0.35,0.52,0.47,0.37,0.53,0.46,0.37,0.53,0.43,0.35,0.49,0.4,0.33,0.47,0.4,0.32,0.48,0.38,0.3,0.48,0.38,0.3,0.49
Uzbekistan,0.08,0.05,0.3,0.08,0.06,0.1,0.09,0.06,0.12,0.1,0.07,0.15,0.11,0.08,0.18,0.12,0.08,0.25,0.16,0.1,0.38,0.2,0.11,0.43,0.24,0.13,0.43,0.27,0.16,0.44,0.27,0.18,0.4,0.27,0.2,0.36,0.24,0.19,0.31,0.23,0.19,0.3,0.22,0.18,0.28,0.21,0.17,0.27,0.2,0.16,0.25,0.2,0.16,0.25,0.19,0.15,0.25,0.18,0.15,0.24,0.22,0.17,0.28,0.25,0.19,0.32,0.25,0.19,0.33,0.21,0.16,0.28,0.24,0.18,0.33,0.33,0.27,0.42,0.35,0.28,0.44,0.35,0.29,0.45
Venezuela (Bolivarian Republic of),... ,... , ...,... ,... , ...,... ,... , ...,... ,... , ...,... ,... , ...,... ,... , ...,... ,... , ...,... ,... , ...,... ,... , ...,... ,... , ...,... ,... , ...,... ,... , ...,... ,... , ...,... ,... , ...,... ,... , ...,... ,... , ...,... ,... , ...,... ,... , ...,... ,... , ...,... ,... , ...,... ,... , ...,... ,... , ...,... ,... , ...,... ,... , ...,... ,... , ...,... ,... , ...,... ,... , ...,... ,... , ...
Viet Nam,... ,... , ...,... ,... , ...,... ,... , ...,... ,... , ...,... ,... , ...,... ,... , ...,... ,... , ...,... ,... , ...,... ,... , ...,... ,... , ...,... ,... , ...,... ,... , ...,... ,... , ...,... ,... , ...,... ,... , ...,... ,... , ...,... ,... , ...,... ,... , ...,... ,... , ...,... ,... , ...,... ,... , ...,... ,... , ...,... ,... , ...,... ,... , ...,... ,... , ...,... ,... , ...,... ,... , ...,... ,... , ...
Yemen,... ,... , ...,... ,... , ...,... ,... , ...,... ,... , ...,... ,... , ...,... ,... , ...,... ,... , ...,... ,... , ...,... ,... , ...,... ,... , ...,... ,... , ...,... ,... , ...,... ,... , ...,... ,... , ...,... ,... , ...,... ,... , ...,... ,... , ...,... ,... , ...,... ,... , ...,... ,... , ...,... ,... , ...,... ,... , ...,... ,... , ...,... ,... , ...,... ,... , ...,... ,... , ...,... ,... , ...,... ,... , ...
Zambia,23.53,18.87,28.47,25.59,20.57,31.04,26.4,21.66,32.68,26.34,21.71,32.76,25.58,20.99,31.67,23.74,19.7,29.72,21.62,18.24,27.53,19.31,16.4,24.74,17.26,14.66,22.13,15.28,13.02,19.64,13.75,11.47,17.31,12.53,10.36,15.63,11.51,9.67,14.59,10.87,9.05,13.66,10.57,8.8,13.27,10.34,8.52,12.86,10.11,8.34,12.58,10.17,8.38,12.64,10.05,8.24,12.43,9.89,8.1,12.22,9.78,8.02,12.1,9.25,7.55,11.4,8.88,7.23,10.91,8.56,6.92,10.45,8.09,6.46,9.75,7.55,5.88,8.87,6.75,5.25,7.92,6.26,4.9,7.39
Zimbabwe,45.45,32.05,58.31,48.89,34.47,62.72,49.77,35.09,63.85,50.39,35.53,64.65,48.42,34.14,62.13,44.57,31.43,57.19,39.74,28.03,50.99,34.57,24.38,44.36,29.33,20.68,37.63,24.67,17.39,31.65,20.4,14.39,26.18,16.94,11.94,21.73,14.57,10.27,18.69,13.17,9.29,16.89,12.27,8.65,15.75,11.79,8.31,15.12,11.41,8.04,14.64,11.38,8.02,14.6,11.11,7.84,14.26,11.04,7.78,14.16,11,7.75,14.11,10.25,7.23,13.15,9.46,6.67,12.14,8.92,6.29,11.45,8.16,5.76,10.47,7.17,5.05,9.19,6.33,4.47,8.12,5.4,3.8,6.92
Global,0.85,0.5,0.84,0.77,0.57,0.94,0.85,0.63,1.05,0.92,0.69,1.14,1.01,0.75,1.25,1.03,0.77,1.28,1,0.75,1.25,0.94,0.71,1.18,0.87,0.66,1.09,0.81,0.61,1.02,0.75,0.57,0.95,0.7,0.54,0.89,0.67,0.51,0.85,0.64,0.49,0.81,0.62,0.47,0.79,0.6,0.46,0.76,0.58,0.45,0.74,0.57,0.43,0.72,0.55,0.42,0.7,0.54,0.41,0.69,0.52,0.4,0.66,0.5,0.39,0.64,0.48,0.38,0.62,0.47,0.37,0.61,0.45,0.35,0.59,0.44,0.34,0.57,0.42,0.33,0.55,0.4,0.32,0.53
